FLWS,1-800 FLOWERS COM
SRCE,1ST SOURCE CORP
FOXA,21ST CENTURY FOX CL A
FOX,21ST CENTURY FOX CL B
TWOU,2U INC
DDD,3D SYSTEMS CORP
MMM,3M CO
SIXD,6D GLOBAL TECHNOLOGIES
EGHT,8X8 INC NEW
AVHI,A V HOMES INC
ATEN,A10 NETWORKS INC
AAC,AAC HOLDINGS INC
AAON,AAON INC
AIR,AAR CORP
AAN,AARONS INC
ABAX,ABAXIS INC
ABT,ABBOTT LABORATORIES
ABBV,ABBVIE INC
ABY,ABENGOA YIELD PLC
ABEO,ABEONA THERAPEUTICS INC
ANF,ABERCROMBIE & FITCH
ABMD,ABIOMED INC
ABM,ABM INDUSTRIES INC
AXAS,ABRAXAS PETE CORP
ACTG,ACACIA RESEARCH CORP
ACHC,ACADIA HEALTHCARE CO
ACAD,ACADIA PHARMACEUTICALS
AKR,ACADIA REALTY TRUST
AXDX,ACCELERATE DIAGNOSTICS
XLRN,ACCELERON PHARMA INC
ACN,ACCENTURE PLC IRELAND
ANCX,ACCESS NATL CORP
ACCO,ACCO BRANDS CORP
ARAY,ACCURAY INC
ACW,ACCURIDE CORP
ACE,ACE LTD
ACET,ACETO CORP
ACHN,ACHILLION PHARM
ACIW,ACI WORLDWIDE INC
ACOR,ACORDA THERAPEUTICS INC
ATVI,ACTIVISION BLIZZARD INC
ACTA,ACTUA CORPORATION
ATU,ACTUANT CORP
AYI,ACUITY BRANDS INC
ACXM,ACXIOM CORP
ADMS,ADAMAS PHARMACEUTICALS
AE,ADAMS RESOURCES & ENERG
ADUS,ADDUS HOMECARE CORP
ADPT,ADEPTUS HEALTH INC
ADBE,ADOBE SYSTEMS INC
ADT,ADT CORPORATION
ADTN,ADTRAN INC
ADRO,ADURO BIOTECH INC
AAP,ADVANCE AUTO PARTS INC
WMS,ADVANCED DRAINAGE SYSTE
AEIS,ADVANCED ENERGY INDS IN
AMD,ADVANCED MICRO DEVICES
ADXS,ADVAXIS INC
ADVS,ADVENT SOFTWARE INC
ABCO,ADVISORY BOARD CO
ACM,AECOM
AEGR,AEGERION PHARM INC
AEGN,AEGION CORP
AEPI,AEP INDUSTRIES INC
AERI,AERIE PHARMACEUTICALS
HIVE,AEROHIVE NETWORKS INC
AJRD,AEROJET ROCKETDYNE HLDG
AVAV,AEROVIRONMENT INC
AES,AES CORP
AET,AETNA INC
AMG,AFFILIATED MANAGERS GRP
AFMD,AFFIMED NV
AFFX,AFFYMETRIX INC
AFL,AFLAC INC
MITT,AG MORTGAGE INVT TR INC
AGCO,AGCO CORP
AGEN,AGENUS INC
AGRX,AGILE THERAPEUTICS INC
A,AGILENT TECHNOLOGIES IN
AGYS,AGILYSYS INC
AGIO,AGIOS PHARMACEUTICALS
GAS,AGL RESOURCES INC
ADC,AGREE REALTY CORP
AL,AIR LEASE CORP
AIRM,AIR METHODS CORP
APD,AIR PRODS & CHEMS INC
ATSG,AIR TRANSPORT SERVICES
AYR,AIRCASTLE LTD
ARG,AIRGAS INC
AKS,AK STEEL HOLDING CORP
AKAM,AKAMAI TECHNOLOGIES
AKBA,AKEBIA THERAPEUTICS INC
AKRX,AKORN INC
ALG,ALAMO GROUP INC
ALK,ALASKA AIR GROUP INC
AIN,ALBANY INTERNATIONAL
AMRI,ALBANY MOLECULAR RESRCH
ALB,ALBEMARLE CORP
AA,ALCOA INC
ALDR,ALDER BIOPHARMACEUTICAL
ALR,ALERE INC
ALEX,ALEXANDER & BALDWIN INC
ALX,ALEXANDERS INC
ARE,ALEXANDRIA REAL ESTATE
ALXN,ALEXION PHARMACEUTICALS
ALCO,ALICO INC
ALGN,ALIGN TECHNOLOGY INC
ALIM,ALIMERA SCIENCES INC
ALKS,ALKERMES PLC
Y,ALLEGHANY CORP
ATI,ALLEGHENY TECHNOLOGIES
ALGT,ALLEGIANT TRAVEL CO
ALLE,ALLEGION PLC
AGN,ALLERGAN PLC
ALE,ALLETE INC
ADS,ALLIANCE DATA SYSTEMS
AFOP,ALLIANCE FIBER OPTIC
AIQ,ALLIANCE HEALTHCARE SVC
LNT,ALLIANT ENERGY CORP
AMOT,ALLIED MOTION TECH
AWH,ALLIED WRLD ASSUR COM
ALSN,ALLISON TRANSMISSION
MDRX,ALLSCRIPTS HEALTHCARE
ALL,ALLSTATE CORP
ALLY,ALLY FINL INC
AFAM,ALMOST FAMILY INC
ALNY,ALNYLAM PHARMACEUTICALS
ALJ,ALON USA ENERGY INC
AOSL,ALPHA & OMEGA SEMICON
ALTR,ALTERA CORP
AAMC,ALTISOURCE ASSET MGMT
ASPS,ALTISOURCE PORTFOLIO
RESI,ALTISOURCE RESIDENTIAL
AIMC,ALTRA INDUSTRIAL MOTION
MO,ALTRIA GROUP INC
AMAG,AMAG PHARMACEUTICALS IN
AMZN,AMAZON COM INC
AMBC,AMBAC FINL GROUP INC
AMBA,AMBARELLA INC
AMBR,AMBER RD INC
AMC,AMC ENTERTAINMENT
AMCX,AMC NETWORKS INC
DOX,AMDOCS LTD
AMED,AMEDISYS INC
APEI,AMER PUBLIC EDUCATION
UHAL,AMERCO
AEE,AMEREN CORP
AMRC,AMERESCO INC
AAL,AMERICAN AIRLINES GROUP
AAT,AMERICAN ASSETS TRST IN
AXL,AMERICAN AXLE & MFG
ACC,AMERICAN CAMPUS COMMUN
MTGE,AMERICAN CAP MTG INVT
AGNC,AMERICAN CAPITAL AGENCY
AEO,AMERICAN EAGLE OUTFITTE
AEP,AMERICAN ELECTRIC POWER
AEL,AMERICAN EQUITY INVST
AXP,AMERICAN EXPRESS CO
AFG,AMERICAN FINANCIAL GROU
AMH,AMERICAN HOMES 4 RENT
AIG,AMERICAN INTL GROUP
ANAT,AMERICAN NATIONAL INS C
AMNB,AMERICAN NATL BANKSHARE
ARII,AMERICAN RAILCAR IND
ARCP,AMERICAN REALTY CAPITAL
ARPI,AMERICAN RESIDENTIAL PP
ASEI,AMERICAN SCIENCE & ENGR
AMSWA,AMERICAN SOFTWARE INC
AWR,AMERICAN STATES WATER C
AMT,AMERICAN TOWER CORP
AVD,AMERICAN VANGUARD CORP
AMWD,AMERICAN WOODMARK CORP
AWK,AMERICAN WTR WKS CO INC
CRMT,AMERICAS CAR-MART INC
AMP,AMERIPRISE FINANCIAL IN
ABCB,AMERIS BANCORP
AMSF,AMERISAFE INC
ABC,AMERISOURCEBERGEN CORP
ATLO,AMES NATL CORP
AME,AMETEK INC
AMGN,AMGEN INC
FOLD,AMICUS THERAPEUTICS INC
AMKR,AMKOR TECHNOLOGY INC
AHS,AMN HEALTHCARE SERVICES
AMPH,AMPHASTAR PHARMA INC
APH,AMPHENOL CORP
AMSG,AMSURG CORP
AFSI,AMTRUST FINL SVCS
ANAC,ANACOR PHARM INC
APC,ANADARKO PETROLEUM CORP
ADI,ANALOG DEVICES INC
ALOG,ANALOGIC CORP
ABCW,ANCHOR BANCORP WISCONSI
ANDE,ANDERSONS INC
ANGI,ANGIES LIST INC
ANGO,ANGIODYNAMICS INC
ANIP,ANI PHARMACEUTICALS INC
ANIK,ANIKA THERAPEUTICS INC
AXE,ANIXTER INTERNATIONAL
ANN,ANN INC
NLY,ANNALY CAPITAL MGMT INC
ANSS,ANSYS INC
ATRS,ANTARES PHARMA INC
AR,ANTERO RESOURCES CO
ANTM,ANTHEM INC
ANTH,ANTHERA PHARMACEUTICALS
ANH,ANWORTH MORTGAGE ASSET
AON,AON PLC
APA,APACHE CORP
AIV,APARTMENT INVT & MGMT
APIC,APIGEE CORP
APOG,APOGEE ENTERPRISES INC
ARI,APOLLO COMMERCIAL RE
APOL,APOLLO EDUCATION GROUP
AMTG,APOLLO RESIDENTIAL MTG
APLE,APPLE HOSPITALITY REIT
AAPL,APPLE INC
AGTC,APPLIED GENETIC TECH
AIT,APPLIED INDUSTRIAL TECH
AMAT,APPLIED MATLS INC
AMCC,APPLIED MICRO CIRCUITS
AAOI,APPLIED OPTOELECTRONICS
AREX,APPROACH RESOURCES INC
ATR,APTARGROUP INC
WTR,AQUA AMERICA INC
ARMK,ARAMARK
PETX,ARATANA THERAPEUTICS IN
ARC,ARC DOCUMENT SOLUTIONS
RKDA,ARCADIA BIOSCIENCES INC
ARCB,ARCBEST CORPORATION
ACGL,ARCH CAP GROUP LTD
ADM,ARCHER DANIELS MIDLAND
ACAT,ARCTIC CAT INC
ARDX,ARDELYX INC
ASC,ARDMORE SHIPPING CORP
ARNA,ARENA PHARMACEUTICALS
ACRE,ARES COML REAL ESTATE
AGX,ARGAN INC
AGII,ARGO GROUP INTL
ARIA,ARIAD PHARMACEUTICALS
AI,ARLINGTON ASSET INVT
AHH,ARMADA HOFFLER PPTYS IN
ARR,ARMOUR RESIDENTIAL REIT
AWI,ARMSTRONG WORLD INDS IN
ARRY,ARRAY BIOPHARMA INC
ARRS,ARRIS GROUP INC
ARW,ARROW ELECTRONICS INC
AROW,ARROW FINANCIAL CORP
ARWR,ARROWHEAD RESH CORP
ARTNA,ARTESIAN RESOURCES CORP
APAM,ARTISAN PARTNERS ASSET
ANET,ARTISTA NETWORKS INC
ABG,ASBURY AUTOMOTIVE GROUP
ASNA,ASCENA RETAIL GROUP INC
ASCMA,ASCENT CAPITAL GROUP IN
AHP,ASHFORD HOSP PRIME
AHT,ASHFORD HOSPITALITY
AINC,ASHFORD INC
ASH,ASHLAND INC
AHL,ASPEN INSURANCE HOLDING
AZPN,ASPEN TECHNOLOGY INC
ASMB,ASSEMBLY BIOSCIENCES IN
ASB,ASSOCIATED BANC CORP
AEC,ASSOCIATED ESTATES RLTY
AIZ,ASSURANT INC
AGO,ASSURED GUARANTY LTD
ASTE,ASTEC INDUSTRIES INC
AST,ASTERIAS BIOTHERAPEUTIC
AF,ASTORIA FINANCIAL CORP
ATRO,ASTRONICS CORP
T,AT&T INC
ATRA,ATARA BIOTHERAPEUTICS
ATHN,ATHENAHEALTH INC
AT,ATLANTIC PWR CORP
ATNI,ATLANTIC TELE-NETWORK
AAWW,ATLAS AIR WORLDWIDE HLD
AFH,ATLAS FINANCIAL HOLDING
ATML,ATMEL CORP
ATO,ATMOS ENERGY CORP
ATRC,ATRICURE INC
ATRI,ATRION CORP
ATW,ATWOOD OCEANICS INC
LIFE,ATYR PHARMA INC
ADSK,AUTODESK INC
ADP,AUTOMATIC DATA PROCESS
AN,AUTONATION INC
AZO,AUTOZONE INC
AVGO,AVAGO TECHNOLOGIES LTD
AAVL,AVALANCHE BIOTECH INC
AVB,AVALONBAY CMNTYS INC
AVY,AVERY DENNISON CORP
AVG,AVG TECHNOLOGIES NV
AVID,AVID TECHNOLOGY INC
CAR,AVIS BUDGET GROUP INC
AVA,AVISTA CORP
AVT,AVNET INC
AVP,AVON PRODUCTS INC
AVX,AVX CORP
AXTA,AXALTA COATING SYSTEMS
ACLS,AXCELIS TECHNOLOGIES IN
AXLL,AXIALL CORP
AXS,AXIS CAPITAL HOLDINGS
AZZ,AZZ INC
BGS,B & G FOODS INC
BWC,BABCOCK & WILCOX COMPAN
BMI,BADGER METER INC
BHI,BAKER HUGHES INC
BCPC,BALCHEM CORP
BWINB,BALDWIN & LYONS INC
BLL,BALL CORP
BANC,BANC OF CALIFORNIA INC
BANF,BANCFIRST CORP
BLX,BANCO LATINOAMERICANO
TBBK,BANCORP INC
BXS,BANCORPSOUTH INC
BKMU,BANK MUTUAL CORP
BAC,BANK OF AMERICA CORP
BOH,BANK OF HAWAII CORP
BMRC,BANK OF MARIN BANCORP
BK,BANK OF NEW YORK MELLON
OZRK,BANK OF THE OZARKS INC
BFIN,BANKFINANCIAL CORP
RATE,BANKRATE INC
BKU,BANKUNITED INC
BANR,BANNER CORP
BHB,BAR HBR BANKSHARES
BKS,BARNES & NOBLE INC
B,BARNES GROUP INC
CUDA,BARRACUDA NETWORKS INC
BBSI,BARRETT BUSINESS SERVIC
BAS,BASIC ENERGY SERVICES
BSET,BASSETT FURNITURE INDS
BAX,BAXTER INTERNATIONAL IN
BV,BAZAARVOICE INC
BBT,BB&T CORP
BBCN,BBCN BANCORP INC
BBX,BBX CAPITAL CORPORATION
BEAV,BE AEROSPACE INC
BECN,BEACON ROOFING SUPPLY
BSF,BEAR STATE FINL INC
BZH,BEAZER HOMES USA INC
BEBE,BEBE STORES INC
BDX,BECTON DICKINSON & CO
BBBY,BED BATH & BEYOND INC
BELFB,BEL FUSE INC
BDC,BELDEN INC
BLCM,BELLICUM PHARMACEUTICAL
BEL,BELMOND LTD
BMS,BEMIS INC
BHE,BENCHMARK ELECTRONICS
BNCL,BENEFICIAL BANCORP INC
BNFT,BENEFITFOCUS INC
WRB,BERKLEY W R CORP
BRK.B,BERKSHIRE HATHAWAY INC
BHLB,BERKSHIRE HILLS BANCORP
BERY,BERRY PLASTICS GROUP
BBY,BEST BUY INC
BGCP,BGC PARTNERS INC
BGFV,BIG 5 SPORTING GOODS
BIG,BIG LOTS INC
BH,BIGLARI HOLDINGS INC
BBG,BILL BARRETT CORP
BCRX,BIOCRYST PHARMACEUTICAL
BDSI,BIODELIVERY SCIENCES
BIIB,BIOGEN INC
BMRN,BIOMARIN PHARMACEUTICAL
BMR,BIOMED REALTY TRUST INC
BIO,BIO-RAD LABORATORIES IN
BRLI,BIO-REFERENCE LABS INC
BIOS,BIOSCRIP INC
BSTC,BIOSPECIFICS TECHNO COR
TECH,BIO-TECHNE CORP
BEAT,BIOTELEMETRY INC
BTX,BIOTIME INC
BJRI,BJS RESTAURANTS INC
BBOX,BLACK BOX CORP
BDE,BLACK DIAMOND INC
BKH,BLACK HILLS CORP
BKFS,BLACK KNIGHT FINL SVCS
BLKB,BLACKBAUD INC
HAWK,BLACKHAWK NETWORK HLDGS
BLK,BLACKROCK INC
HRB,BLOCK H & R INC
BLMN,BLOOMIN' BRANDS INC
BLT,BLOUNT INTERNATIONAL IN
BCOR,BLUCORA INC
BLBD,BLUE BIRD CORP
BHBK,BLUE HILLS BANCORP INC
NILE,BLUE NILE INC
BLUE,BLUEBIRD BIO INC
BPMC,BLUEPRINT MEDICINES COR
BRG,BLUEROCK RESIDENT REIT
BNCN,BNC BANCORP
BOBE,BOB EVANS FARMS INC
BA,BOEING CO
BOFI,BOFI HLDG INC
WIFI,BOINGO WIRELESS INC
BCC,BOISE CASCADE COMPANY
BOJA,BOJANGLES INC
BOKF,BOK FINANCIAL CORP
BCEI,BONANZA CREEK ENER INC
BOOT,BOOT BARN HOLDINGS
BAH,BOOZ ALLEN HAMILTON HLD
BWA,BORG WARNER INC
SAM,BOSTON BEER INC
BPFH,BOSTON PRIVATE FINANCIA
BXP,BOSTON PROPERTIES INC
BSX,BOSTON SCIENTIFIC CO
EPAY,BOTTOMLINE TECHNOLOGIES
BDBD,BOULDER BRANDS INC
BOX,BOX INC
BYD,BOYD GAMING CORP
BRC,BRADY CORP
BDN,BRANDYWINE REALTY TRUST
BBRG,BRAVO BRIO RESTAURANT G
BDGE,BRIDGE BANCORP INC
BBNK,BRIDGE CAPITAL HOLDINGS
BPI,BRIDGEPOINT ED INC
BGG,BRIGGS & STRATTON CO
BFAM,BRIGHT HORIZON FAMILY
BCOV,BRIGHTCOVE INC
EAT,BRINKER INTERNATIONAL
BCO,BRINKS CO
BMY,BRISTOL MYERS SQUIBB
BRS,BRISTOW GROUP INC
BRX,BRIXMOR PROPERTY GROUP
BRCM,BROADCOM CORP
BR,BROADRIDGE FINANCIAL IN
BSFT,BROADSOFT INC
BRCD,BROCADE COMMUNICATIONS
BKD,BROOKDALE SENIOR LIVING
BRKL,BROOKLINE BANCORP INC
BRKS,BROOKS AUTOMATION INC
BRO,BROWN & BROWN INC
BF.A,BROWN FORMAN CORP CL A
BF.B,BROWN FORMAN CORP CL B
BRKR,BRUKER CORP
BC,BRUNSWICK CORP
BMTC,BRYN MAWR BANK CORP
BLMT,BSB BANCORP INC MD
BKE,BUCKLE INC
BWLD,BUFFALO WILD WINGS INC
BBW,BUILD A BEAR WORKSHOP
BLDR,BUILDERS FIRSTSOURCE IN
BG,BUNGE LIMITED
BURL,BURLINGTON STORES INC
CHRW,C H ROBINSON WORLDWIDE
CJES,C&J ENERGY SERVICES LTD
BNK,C1 FINANCIAL INC
CA,CA INC
CAB,CABELAS INC
CVC,CABLEVISION SYSTEMS COR
CBT,CABOT CORP
CCMP,CABOT MICROELECTRONICS
COG,CABOT OIL & GAS CORP
CACI,CACI INTERNATIONAL INC
CDNS,CADENCE DESIGN SYSTEMS
CACQ,CAESARS ACQUISITION CO
CZR,CAESARS ENTMT CORP
CAP,CAI INTERNATIONAL INC
CALM,CAL MAINE FOODS INC
CLMS,CALAMOS ASSET MGMT INC
CAMP,CALAMP CORP
CVGW,CALAVO GROWERS INC
CAL,CALERES INC
CCC,CALGON CARBON CORP
CRC,CALIFORNIA RESOURCES
CWT,CALIFORNIA WTR SVC GRP
CALA,CALITHERA BIOSCIENCES
CALX,CALIX INC
ELY,CALLAWAY GOLF CO
CALD,CALLIDUS SOFTWARE INC
CPE,CALLON PETROLEUM CO
CPN,CALPINE CORP
ABCD,CAMBIUM LEARNING GRP IN
CBM,CAMBREX CORP
CAC,CAMDEN NATIONAL CORP
CPT,CAMDEN PROPERTY TRUST
CAM,CAMERON INTL CORP
CPB,CAMPBELL SOUP CO
CCG,CAMPUS CREST CMNTYS INC
CMN,CANTEL MEDICAL CORP
CPLA,CAPELLA EDUCATION CO
CBF,CAPITAL BANK FINANCIAL
CCBG,CAPITAL CITY BANK GROUP
COF,CAPITAL ONE FINANCIAL
CSU,CAPITAL SENIOR LIVING
CFFN,CAPITOL FEDERAL FINL IN
CMO,CAPSTEAD MORTGAGE CORP
CARA,CARA THERAPEUTICS INC
CRR,CARBO CERAMICS INC
CARB,CARBONITE INC
CBYL,CARBYLAN THERAPEUTICS
CFNL,CARDINAL FINANCIAL CORP
CAH,CARDINAL HEALTH INC
CSII,CARDIOVASCULAR SYS INC
CATM,CARDTRONICS INC
CRCM,CARE.COM INC
CECO,CAREER EDUCATION CORP
CTRE,CARETRUST REIT INC
CSL,CARLISLE COS INC
KMX,CARMAX INC
CKEC,CARMIKE CINEMAS INC
CCL,CARNIVAL CORP
CRS,CARPENTER TECHNOLOGY
CSV,CARRIAGE SERVICES INC
CRZO,CARRIZO OIL & GAS INC
TAST,CARROLS RESTAURANT GRP
CRI,CARTER INC
CACB,CASCADE BANCORP
CSCD,CASCADE MICROTECH INC
CWST,CASELLA WASTE SYSTEMS
CASY,CASEYS GENERAL STORES
CSH,CASH AMERICA INTL INC
CASS,CASS INFORMATION SYSTEM
ROX,CASTLE BRANDS INC
CSLT,CASTLIGHT HEALTH INC
CTLT,CATALENT INC
CPRX,CATALYST PHARMACEUTICAL
CTRX,CATAMARAN CORPORATION
CTT,CATCHMARK TIMBER TRUST
CAT,CATERPILLAR INC
CATY,CATHAY GENERAL BANCORP
CATO,CATO CORP
CVCO,CAVCO INDUSTRIES INC
CAVM,CAVIUM INC
CBZ,CBIZ INC
CBL,CBL & ASSOC PPTYS INC
CBOE,CBOE HLDGS INC
CBG,CBRE GROUP INC
CBS,CBS CORPORATION
CDI,CDI CORP
CDK,CDK GLOBAL INC
CDW,CDW CORPORATION
CEB,CEB INC
CECE,CECO ENVIRONMENTAL CORP
CDR,CEDAR REALTY TRUST INC
CGI,CELADON GROUP INC
CE,CELANESE CORP
CELG,CELGENE CORP
CLDX,CELLDEX THERAPEUTICS IN
CBMG,CELLULAR BIOMEDICINE GR
CEMP,CEMPRA INC
CNC,CENTENE CORP
CNP,CENTERPOINT ENERGY INC
CSFL,CENTERSTATE BANKS INC
CETV,CENTRAL EUROPEAN MEDIA
CENTA,CENTRAL GARDEN & PET CO
CPF,CENTRAL PACIFIC FINL
CENX,CENTURY ALUMINUM CO
CNBKA,CENTURY BANCORP INC
CCS,CENTURY COMMUNITIES INC
CTL,CENTURYLINK INC
CPHD,CEPHEID INC
CERN,CERNER CORP
CERS,CERUS CORP
CEVA,CEVA INC
CF,CF INDUSTRIES HOLDINGS
CSG,CHAMBERS STR PPTYS
ECOM,CHANNELADVISOR CORP
CRL,CHARLES RIVER LABS INTL
GTLS,CHART INDUSTRIES INC
CHTR,CHARTER COMM INC
CHFN,CHARTER FINL CORP WEST
CCF,CHASE CORP
CLDT,CHATHAM LODGING TR
CKP,CHECKPOINT SYSTEMS INC
CAKE,CHEESECAKE FACTORY INC
CHEF,CHEFS' WHAREHOUSE INC
CHGG,CHEGG INC
CHE,CHEMED CORPORATION
CHFC,CHEMICAL FINANCIAL CORP
CCXI,CHEMOCENTRYX INC
CHMT,CHEMTURA CORP
LNG,CHENIERE ENERGY INC
CHKE,CHEROKEE INC
CHK,CHESAPEAKE ENERGY CORP
CHSP,CHESAPEAKE LODGING TRUS
CPK,CHESAPEAKE UTILITIES
CVX,CHEVRON CORP
CBI,CHICAGO BRIDGE & IRON
CHS,CHICOS FAS INC
PLCE,CHILDRENS PLACE INC
CIM,CHIMERA INVESTMENT CORP
CMRX,CHIMERIX INC
CMG,CHIPOTLE MEXICAN GRILL
CHH,CHOICE HOTELS INTL INC
CBK,CHRISTOPHER & BANKS COR
CB,CHUBB CORP
CHD,CHURCH & DWIGHT INC
CHDN,CHURCHILL DOWNS INC
CHUY,CHUY'S HOLDINGS INC
CBR,CIBER INC
CDTX,CIDARA THERAPEUTICS INC
CIEN,CIENA CORP
CIFC,CIFC CORP
CI,CIGNA CORP
XEC,CIMAREX ENERGY CO
CMPR,CIMPRESS NV
CBB,CINCINNATI BELL INC
CINF,CINCINNATI FINANCIAL
CNK,CINEMARK HOLDINGS INC
CTAS,CINTAS CORP
CIR,CIRCOR INTERNATIONAL IN
CRUS,CIRRUS LOGIC INC
CSCO,CISCO SYSTEMS INC
CIT,CIT GROUP INC
CTRN,CITI TRENDS INC
C,CITIGROUP INC
CZNC,CITIZENS & NORTHERN COR
CFG,CITIZENS FINANCIAL INC
CIA,CITIZENS INC
CTXS,CITRIX SYSTEMS INC
CHCO,CITY HOLDING CO
CYN,CITY NATIONAL CORP
CVEO,CIVEO CORP
CIVI,CIVITAS SOLUTIONS
CLC,CLARCOR INC
CLNE,CLEAN ENERGY FUELS CORP
CLH,CLEAN HARBORS INC
CCO,CLEAR CHANNEL OUTDOOR
CLFD,CLEARFIELD INC
CLW,CLEARWATER PAPER CORP
CNL,CLECO CORP
CLF,CLIFFS NATURAL RESOURCE
CSBK,CLIFTON BANCORP INC
CLX,CLOROX CO
CLD,CLOUD PEAK ENERGY INC
CLVS,CLOVIS ONCOLOGY INC
MYCC,CLUBCORP HOLDINGS
CME,CME GROUP INC
CMS,CMS ENERGY CORP
CNA,CNA FINANCIAL CORP
CCNE,CNB FINL CORP PA
CNO,CNO FINANCIAL GROUP
COH,COACH INC
CIE,COBALT INTL ENERGY
COBZ,COBIZ FINANCIAL INC
COKE,COCA COLA BOTTLING
KO,COCA COLA CO
CCE,COCA COLA ENTERPRISE
CDRB,CODE REBEL CORP
CDE,COEUR MINING INC
CCOI,COGENT COMM HOLDINGS
CGNX,COGNEX CORP
CTSH,COGNIZANT TECH SOLUTION
CNS,COHEN & STEERS INC
COHR,COHERENT INC
CHRS,COHERUS BIOSCIENCES
COHU,COHU INC
CFX,COLFAX CORP
CL,COLGATE PALMOLIVE CO
CLCT,COLLECTORS UNIVERSE INC
COLL,COLLEGIUM PHARMACEUTICA
CLNY,COLONY CAPITAL INC
COLB,COLUMBIA BKG SYSTEM INC
CXP,COLUMBIA PPTY TR INC
COLM,COLUMBIA SPORTSWEAR CO
CMCO,COLUMBUS MCKINNON CORP
CMCSA,COMCAST CORP CL A
CMCSK,COMCAST CORP CL C
CMA,COMERICA INC
FIX,COMFORT SYSTEMS USA INC
CSAL,COMM & SALES LEASING
CBSH,COMMERCE BANCSHARES INC
CMC,COMMERCIAL METALS CO
CVGI,COMMERCIAL VEH GROUP IN
COMM,COMMSCOPE HOLDING CO
CBU,COMMUNITY BANK SYSTEMS
CYH,COMMUNITY HEALTH SYSTEM
CTBI,COMMUNITY TRUST BANCORP
COB,COMMUNITYONE BANCORP
CVLT,COMMVAULT SYSTEMS INC
CMP,COMPASS MINERALS INTL
CPSI,COMPUTER PROGRAMS & SYS
CSC,COMPUTER SCIENCES CORP
SCOR,COMSCORE INC
CMTL,COMTECH TELECOMM
CNSI,COMVERSE INC
CAG,CONAGRA FOODS INC
CNCE,CONCERT PHARMACEUTICALS
CXO,CONCHO RESOURCES INC
CNMD,CONMED CORP
CTWS,CONNECTICUT WATER SVC
CNOB,CONNECTONE BANCORP INC
CNXR,CONNECTURE INC
CONN,CONNS INC
COP,CONOCOPHILLIPS
CNX,CONSOL ENERGY INC
CNSL,CONSOLIDATED COMM
ED,CONSOLIDATED EDISON INC
CTO,CONSOLIDATED TOMOKA LAN
CWCO,CONSOLIDATED WATER CO
CTCT,CONSTANT CONTACT INC
STZ,CONSTELLATION BRANDS
MCF,CONTANGO OIL & GAS CO
CBPX,CONTINENTAL BLDG PRODS
CLR,CONTINENTAL RESOURCES
CTRL,CONTROL4 CORPORATION
CVG,CONVERGYS CORP
CNW,CON-WAY INC
COO,COOPER COMPANIES INC
CPS,COOPER STD HLDGS INC
CTB,COOPER TIRE & RUBBER CO
CPA,COPA HOLDINGS SA
CPRT,COPART INC
CORT,CORCEPT THERAPEUTICS IN
CORE,CORE MARK HOLDING CO IN
CMT,CORE MOLDING TECHN
CLGX,CORELOGIC INC
CORR,CORENERGY INFRASTRUCT
COR,CORESITE REALTY CORP
CVRS,CORINDUS VASC ROBOTICS
CORI,CORIUM INTL INC
CRMD,CORMEDIX INC
CSOD,CORNERSTONE ONDEMAND IN
GLW,CORNING INC
OFC,CORPORATE OFFICE PPTYS
CXW,CORRECTIONS CORP OF AME
CRVL,CORVEL CORP
CSGP,COSTAR GROUP INC
COST,COSTCO WHOLESALE CORP
COTY,COTY INC
COUP,COUPONS COM INC
CUZ,COUSINS PROPERTIES INC
CVA,COVANTA HOLDING CORP
CVTI,COVENANT TRANS GRP INC
COWN,COWEN GROUP INC
BCR,CR BARD INC
CRAI,CRA INTERNATIONAL INC
CBRL,CRACKER BARREL STORE
BREW,CRAFT BREW ALLIANCE
CR,CRANE CO
CRD.B,CRAWFORD & CO
CRAY,CRAY INC
CACC,CREDIT ACCEP CORP MICH
CREE,CREE INC
CROX,CROCS INC
CCRN,CROSS COUNTRY HEALTHCAR
CCI,CROWN CASTLE INTL CORP
CCK,CROWN HOLDINGS INC
CRWN,CROWN MEDIA HOLDINGS IN
CRY,CRYOLIFE INC
CSGS,CSG SYSTEMS INTL INC
CSS,CSS INDUSTRIES INC
CST,CST BRANDS INC
CSX,CSX CORP
CTIC,CTI BIOPHARMA CORP
CTS,CTS CORP
CUNB,CU BANCORP CALIF
CUBE,CUBESMART
CUB,CUBIC CORP
CFR,CULLEN FROST BANKERS
CFI,CULP INC
CMI,CUMMINS INC
CMLS,CUMULUS MEDIA INC
CRIS,CURIS INC
CW,CURTISS WRIGHT CORP
CUBI,CUSTOMERS BANCORP INC
CUTR,CUTERA INC
CVBF,CVB FINANCIAL CORP
CVT,CVENT INC
CVI,CVR ENERGY INC
CVS,CVS HEALTH CORPORATION
CYNI,CYAN INC
CYBX,CYBERONICS INC
CYNO,CYNOSURE INC
CY,CYPRESS SEMICONDUCTOR
CONE,CYRUSONE INC
CYS,CYS INVESTMENTS INC
CYT,CYTEC INDUSTRIES INC
CYTK,CYTOKINETICS INC
CYTR,CYTRX CORP
DHI,D R HORTON INC
DJCO,DAILY JOURNAL CORP
DAKT,DAKTRONICS INC
DAN,DANA HOLDING CORP
DHR,DANAHER CORP
DRI,DARDEN RESTAURANTS INC
DAR,DARLING INGREDIENTS INC
DTLK,DATALINK CORP
PLAY,DAVE & BUSTERS ENTMT IN
DVA,DAVITA HEALTHCARE PTNRS
DCT,DCT INDUSTRIAL TRUST IN
DDR,DDR CORP
TRAK,DEALERTRACK TECHNOLOGIE
DF,DEAN FOODS COMPANY
DECK,DECKERS OUTDOOR CORP
DE,DEERE & CO
DFRG,DEL FRISCOS RESTAURANT
DK,DELEK US HLDGS INC
DLPH,DELPHI AUTOMOTIVE PLC
DAL,DELTA AIR LINES INC
DEL,DELTIC TIMBER CORP
DLX,DELUXE CORP
DWRE,DEMANDWARE INC
DNR,DENBURY RESOURCES INC
DENN,DENNYS CORP
XRAY,DENTSPLY INTERNATIONAL
DEPO,DEPOMED INC
DERM,DERMIRA INC
DXLG,DESTINATION XL GRP INC
DVN,DEVON ENERGY CORP
DV,DEVRY EDUCATION GROUP
DXCM,DEXCOM INC
DHX,DHI GROUP INC
DHT,DHT HOLDINGS INC
DMND,DIAMOND FOODS INC
DHIL,DIAMOND HILL INVESTMENT
DO,DIAMOND OFFSHR DRILLING
DRII,DIAMOND RESORTS INT INC
FANG,DIAMONDBACK ENERGY INC
DRH,DIAMONDROCK HOSPITALITY
DRNA,DICERNA PHARMACEUTICALS
DKS,DICKS SPORTING GOODS IN
DBD,DIEBOLD INC
DGII,DIGI INTL INC
DMRC,DIGIMARC CORPORATION
DLR,DIGITAL REALTY TRUST IN
APPS,DIGITAL TURBINE INC
DGI,DIGITALGLOBE INC
DDS,DILLARDS INC
DCOM,DIME CMNTY BANCSHARES
DIN,DINEEQUITY INC
DIOD,DIODES INC
DPLO,DIPLOMAT PHARMACY INC
DTV,DIRECTV
DFS,DISCOVER FINANCIAL SRVC
DISCA,DISCOVERY COMM CL A
DISCK,DISCOVERY COMM CL C
DISH,DISH NETWORK CORP
DIS,DISNEY WALT CO
DLB,DOLBY LABORATORIES INC
DG,DOLLAR GENERAL CORP
DLTR,DOLLAR TREE INC
D,DOMINION RESOURCES INC
DPZ,DOMINOS PIZZA INC
UFS,DOMTAR CORPORATION
DCI,DONALDSON INC
DGICA,DONEGAL GROUP INC
RRD,DONNELLEY R R & SONS CO
LPG,DORIAN LPG LTD
DORM,DORMAN PRODUCTS INC
HILL,DOT HILL SYS CORP
PLOW,DOUGLAS DYNAMICS INC
DEI,DOUGLAS EMMETT INC
DOV,DOVER CORP
DOW,DOW CHEMICAL CO
DPS,DR PEPPER SNAPPLE GROUP
DWA,DREAMWORKS ANIMATION SK
DRC,DRESSER-RAND GROUP INC
DW,DREW INDUSTRIES INC
DRQ,DRIL-QUIP INC
DSPG,DSP GROUP INC
DST,DST SYSTEMS INC
DSW,DSW INC
DTE,DTE ENERGY CO
DTSI,DTS INC
DD,DU PONT E I DE NEMOURS
DCO,DUCOMMUN INC
DUK,DUKE ENERGY CORP
DRE,DUKE REALTY CORP
DNB,DUN & BRADSTREET CORP
DNKN,DUNKIN BRANDS GROUP INC
DFT,DUPONT FABROS TECHNOLOG
DRRX,DURECT CORP
DXPE,DXP ENTERPRISES INC
DYAX,DYAX CORP
DY,DYCOM INDUSTRIES INC
DVAX,DYNAVAX TECHNOLOGIES
DYN,DYNEGY INC
DX,DYNEX CAPITAL INC
ETFC,E TRADE FINANCIAL CORP
EGBN,EAGLE BANCORP INC
EGLE,EAGLE BULK SHIPPING INC
EXP,EAGLE MATERIALS INC
EGRX,EAGLE PHARMACEUTICALS
ELNK,EARTHLINK HOLDINGS CORP
ESTE,EARTHSTONE ENERGY INC
EWBC,EAST WEST BANCORP INC
DEA,EASTERLY GOVERNMENT PPT
EGP,EASTGROUP PROPERTIES IN
EMN,EASTMAN CHEMICAL CO
KODK,EASTMAN KODAK CO
ETN,EATON CORP PLC
EV,EATON VANCE CORP
EBAY,EBAY INC
EBIX,EBIX INC
ECHO,ECHO GLOBAL LOGISTICS
SATS,ECHOSTAR CORP
ECR,ECLIPSE RESOURCES CORP
ECL,ECOLAB INC
EIX,EDISON INTERNATIONAL
EDR,EDUCATION REALTY TRUST
EW,EDWARDS LIFESCIENCES
EHTH,EHEALTH INC
EE,EL PASO ELECTRIC CO
LOCO,EL POLLO LOCO HLDGS INC
ERI,ELDORADO RESORTS INC
ELRC,ELECTRO RENT CORP
EA,ELECTRONIC ARTS INC
EFII,ELECTRONICS FOR IMAGING
RDEN,ELIZABETH ARDEN INC
ELLI,ELLIE MAE INC
PERY,ELLIS PERRY INTL INC
EMC,EMC CORPORATION
EMCI,EMC INS GROUP INC
EME,EMCOR GROUP INC
EMKR,EMCORE CORP
EBS,EMERGENT BIOSOLUTIONS
EMR,EMERSON ELECTRIC CO
EDE,EMPIRE DISTRICT ELECTRI
NYNY,EMPIRE RESORTS INC
ESRT,EMPIRE STATE REALTY
EIG,EMPLOYERS HOLDINGS INC
ENTA,ENANTA PHARMACEUTICALS
ECPG,ENCORE CAPITAL GROUP IN
WIRE,ENCORE WIRE CORP
ENDP,ENDO INTERNATIONAL PLC
ECYT,ENDOCYTE INC
ELGX,ENDOLOGIX INC
EIGI,ENDURANCE INTERNATIONAL
ENH,ENDURANCE SPECIALTY HLD
EGN,ENERGEN CORP
ENR,ENERGIZER HOLDINGS INC
UUUU,ENERGY FUELS INC
EXXI,ENERGY XXI LTD
ENOC,ENERNOC INC
ENS,ENERSYS INC
EGL,ENGILITY HOLDINGS INC
EBF,ENNIS INC
ENVA,ENOVA INTERNATIONAL INC
ENPH,ENPHASE ENERGY INC
NPO,ENPRO INDUSTRIES INC
ESV,ENSCO PLC
ENSG,ENSIGN GROUP INC
ESGR,ENSTAR GROUP LIMITED
ENTG,ENTEGRIS INC
ENTL,ENTELLUS MEDICAL INC
ETM,ENTERCOM COMMUNICATIONS
ETR,ENTERGY CORP
EBTC,ENTERPRISE BANCORP INC
EFSC,ENTERPRISE FINL SERVICE
EVC,ENTRAVISION COMM
ENV,ENVESTNET INC
EVHC,ENVISION HEALTHCARE INC
EOG,EOG RESOURCES INC
EPE,EP ENERGY CORPORATION
EPAM,EPAM SYSTEMS INC
EPIQ,EPIQ SYSTEMS INC
EPZM,EPIZYME INC
PLUS,EPLUS INC
EPR,EPR PROPERTIES
EQT,EQT CORPORATION
EFX,EQUIFAX INC
EQIX,EQUINIX INC
EQC,EQUITY COMMONWEALTH
ELS,EQUITY LIFESTYLE PROP
EQY,EQUITY ONE INC
EQR,EQUITY RESIDENTIAL
ERA,ERA GROUP INC
ERIE,ERIE INDEMNITY CO
ERN,ERIN ENERGY CORPORATION
EROS,EROS INTL PLC
ESCA,ESCALADE INC
ESE,ESCO TECHNOLOGIES INC
ESPR,ESPERION THERAPEUTICS
ESND,ESSENDANT INC
ESNT,ESSENT GROUP LTD
ESS,ESSEX PROPERTY TRUST IN
EL,ESTEE LAUDER COMPANIES
ESL,ESTERLINE TECHNOLOGIES
ETH,ETHAN ALLEN INTERIORS
ETSY,ETSY INC
EEFT,EURONET WORLDWIDE INC
EVER,EVERBANK FINL CORP
EVR,EVERCORE PARTNERS
RE,EVEREST RE GROUP LTD
ES,EVERSOURCE ENERGY
EVTC,EVERTEC INC
EVDY,EVERYDAY HEALTH INC
EVLV,EVINE LIVE INC
EPM,EVOLUTION PETROLEUM COR
EXAS,EXACT SCIENCES CORP
EXAC,EXACTECH INC
EXAM,EXAMWORKS GROUP INC
EXAR,EXAR CORP
EXL,EXCEL TR INC
XCO,EXCO RESOURCES INC
EXEL,EXELIXIS INC
EXC,EXELON CORP
EXLS,EXLSERVICE HOLDINGS INC
XONE,EXONE COMPANY
EXPE,EXPEDIA INC
EXPD,EXPEDITORS INTL OF WASH
EXPO,EXPONENT INC
EXPR,EXPRESS INC
ESRX,EXPRESS SCRIPTS HOLD CO
STAY,EXTENDED STAY AMERICA
EXH,EXTERRAN HOLDINGS INC
EXR,EXTRA SPACE STORAGE INC
EXTR,EXTREME NETWORKS INC
XOM,EXXON MOBIL CORP
EZPW,EZCORP INC
FFIV,F5 NETWORKS INC
FN,FABRINET
FB,FACEBOOK INC
FDS,FACTSET RESEARCH SYSTEM
FICO,FAIR ISAAC CORP
FCS,FAIRCHILD SEMICONDUCTOR
FRP,FAIRPOINT COMMUNICATION
FWM,FAIRWAY GROUP HLDGS COR
FDO,FAMILY DOLLAR STORES
FARM,FARMER BROS CO
FFKT,FARMERS CAPITAL BK CORP
FARO,FARO TECHNOLOGIES INC
FAST,FASTENAL CO
FFG,FBL FINANCIAL GROUP INC
FCB,FCB FINANCIAL HOLDINGS
AGM,FEDERAL AGRIC MTG CO
FDML,FEDERAL MOGUL HOLDINGS
FRT,FEDERAL REALTY INVT
FSS,FEDERAL SIGNAL CORP
FII,FEDERATED INVESTORS INC
FNHC,FEDERATED NATL HOLDING
FDX,FEDEX CORP
FEIC,FEI CO
FCH,FELCOR LODGING TRUST IN
FENX,FENIX PTS INC
FOE,FERRO CORP
FCSC,FIBROCELL SCIENCE INC
FGEN,FIBROGEN INC
FGL,FIDELITY & GUARANTY
FIS,FIDELITY NATL INFO SVCS
LION,FIDELITY SOUTHERN CORP
FRGI,FIESTA RESTAURANT GROUP
FSAM,FIFTH STREET ASSET MGMT
FITB,FIFTH THIRD BANCORP
FNGN,FINANCIAL ENGINES INC
FISI,FINANCIAL INSTNS INC
FNSR,FINISAR CORP
FINL,FINISH LINE INC
FEYE,FIREEYE INC
FAF,FIRST AMERICAN FINL COR
FNLC,FIRST BANCORP INC
FBNC,FIRST BANCORP NC
FBP,FIRST BANCORP PR
BUSE,FIRST BUSEY CORP
FBIZ,FIRST BUSINESS FINL SVC
FCFS,FIRST CASH FINANCIAL
FCNCA,FIRST CITIZENS BANCSHRS
FCBC,FIRST CMNTY BANCSHAR
FCF,FIRST COMMONWLTH FINL
FBNK,FIRST CONN BANCORP INC
FDEF,FIRST DEFIANCE FINANCIA
FFBC,FIRST FINANCIAL BANCORP
THFF,FIRST FINANCIAL CORP
FFIN,FIRST FINL BANKSHARES
FHN,FIRST HORIZON NATL CORP
FR,FIRST INDUSTRIAL RLTY T
FIBK,FIRST INTST BANCSYSTEM
FLIC,FIRST LONG ISLAND CORP
FRME,FIRST MERCHANTS CORP
FMBI,FIRST MIDWEST BANCORP
FNBC,FIRST NBC BK HLDG CO
FNFG,FIRST NIAGARA FINL GRP
FPO,FIRST POTOMAC REALTY TR
FRC,FIRST REP BK SAN FRAN
FSLR,FIRST SOLAR INC
FE,FIRSTENERGY CORP
FMER,FIRSTMERIT CORP
FISV,FISERV INC
FIVE,FIVE BELOW
FPRX,FIVE PRIME THERAPEUTICS
FVE,FIVE STAR QUALITY CARE
FIVN,FIVE9 INC
FBC,FLAGSTAR BANCORP INC
FLT,FLEETCOR TECHNOLOGIES
FLTX,FLEETMATICS GROUP PLC
FLKS,FLEX PHARMA INC
FLXN,FLEXION THERAPEUTICS IN
FLXS,FLEXSTEEL INDUSTRIES IN
FLIR,FLIR SYSTEMS INC
FTK,FLOTEK INDUSTRIES INC
FLO,FLOWERS FOODS INC
FLS,FLOWSERVE CORP
FLDM,FLUIDIGM CORP
FLR,FLUOR CORP
FFIC,FLUSHING FINANCIAL CORP
FMC,FMC CORP
FTI,FMC TECHNOLOGIES INC
FMSA,FMSA HOLDINGS INC
FNB,FNB CORP
FNF,FNF GROUP
FNFV,FNFV GROUP
FOMX,FOAMIX PHARMACEUTICALS
FL,FOOT LOCKER INC
F,FORD MOTOR CO
FCE.A,FOREST CITY ENTRPRS
FOR,FORESTAR GROUP INC
FORM,FORMFACTOR INC
FORR,FORRESTER RESEARCH INC
FTNT,FORTINET INC
FBHS,FORTUNE BRDS HOME & SEC
FET,FORUM ENERGY TECH
FWRD,FORWARD AIR CORP
FOSL,FOSSIL GROUP INC
FSTR,FOSTER L B CO
FMI,FOUNDATION MEDICINE INC
FXCB,FOX CHASE BANCORP
FOXF,FOX FACTORY HOLDING COR
FRAN,FRANCESCAS HOLDINGS COR
FC,FRANKLIN COVEY CO
FELE,FRANKLIN ELECTRIC CO
FSB,FRANKLIN FINANCIAL NTWK
BEN,FRANKLIN RESOURCES INC
FSP,FRANKLIN STREET PPTYS C
FI,FRANK'S INTERNATIONAL
FRED,FREDS INC
FCX,FREEPORT-MCMORAN INC
FSL,FREESCALE SEMICONDUCTOR
RAIL,FREIGHTCAR AMERICA INC
FDP,FRESH DEL MONTE PRODUCE
TFM,FRESH MARKET INC
FRPT,FRESHPET INC
FTR,FRONTIER COMMUNICATIONS
FRO,FRONTLINE LTD
FRPH,FRP HOLDINGS INC
FTD,FTD COMPANIES INC
FCN,FTI CONSULTING INC
FCEL,FUELCELL ENERGY INC
FULT,FULTON FINANCIAL CORP
FRM,FURMANITE CORP
FF,FUTUREFUEL CORPORATION
GK,G&K SERVICES INC
GCAP,GAIN CAPITAL HLDNGS INC
GALE,GALENA BIOPHARMA INC
AJG,GALLAGHER ARTHUR J & CO
GBL,GAMCO INVESTORS INC
GME,GAMESTOP CORP
GLPI,GAMING AND LEISURE PPTY
GCI,GANNETT INC
GPS,GAP INC
GRMN,GARMIN LTD
IT,GARTNER INC
GLOG,GASLOG LTD
GST,GASTAR EXPL INC
GMT,GATX CORP
GNRC,GENERAC HOLDINGS INC
BGC,GENERAL CABLE CORP
GNCMA,GENERAL COMMUNICATION
GD,GENERAL DYNAMICS CORP
GE,GENERAL ELECTRIC CO
GGP,GENERAL GROWTH PPTYS IN
GIS,GENERAL MILLS INC
GM,GENERAL MTRS CO
GCO,GENESCO INC
GWR,GENESEE & WYOMING INC
GEN,GENESIS HEALTHCARE INC
GNE,GENIE ENERGY LTD
GNMK,GENMARK DIAGNOSTICS INC
GNCA,GENOCEA BIOSCIENCES INC
GHDX,GENOMIC HEALTH INC
G,GENPACT LTD
GNTX,GENTEX CORP
THRM,GENTHERM INC
GPC,GENUINE PARTS CO
GNW,GENWORTH FINANCIAL INC
GEO,GEO GROUP INC
GEOS,GEOSPACE TECHNOLOGIES
GABC,GERMAN AMERICAN BANCORP
GERN,GERON CORP
GTY,GETTY REALTY CORP
ROCK,GIBRALTAR INDUSTRIES IN
GIMO,GIGAMON INC
GIII,G-III APPAREL GROUP LTD
GILD,GILEAD SCIENCES INC
GBCI,GLACIER BANCORP INC
GOOD,GLADSTONE COMMERCIAL
GLT,GLATFELTER
BRSS,GLOBAL BRASS & COPPR HL
GCA,GLOBAL CASH ACCESS INC
ENT,GLOBAL EAGLE ENTMT INC
GBLI,GLOBAL INDEMNITY PLC
GPN,GLOBAL PAYMENTS INC
GSAT,GLOBALSTAR INC
GLOB,GLOBANT SA
GSM,GLOBE SPECIALTY METALS
GMED,GLOBUS MEDICAL INC
GLUU,GLU MOBILE INC
GNC,GNC HLDGS INC
GDDY,GODADDY INC
GOGO,GOGO INC
GLNG,GOLAR LNG LTD BERMUDA
GOGL,GOLDEN OCEAN GROUP LTD
GS,GOLDMAN SACHS GROUP INC
GT,GOODYEAR TIRE & RUBBER
GOOGL,GOOGLE INC CL A
GOOG,GOOGLE INC CL C
GPRO,GOPRO INC
GRC,GORMAN RUPP CO
GOV,GOVERNMENT PPTY INCOME
GPX,GP STRATEGIES CORP
GRA,GRACE W R & CO
GGG,GRACO INC
GTI,GRAFTECH INTL LTD
GHM,GRAHAM CORP
GHC,GRAHAM HOLDINGS COMPANY
GWW,GRAINGER WW INC
GPT,GRAMERCY PRPTY TRST INC
LOPE,GRAND CANYON EDUCATION
GVA,GRANITE CONSTR INC
GPK,GRAPHIC PACKAGING HLDG
GTN,GRAY TELEVISION INC
AJX,GREAT AJAX CORP
GLDD,GREAT LAKES DREDGE & DO
GXP,GREAT PLAINS ENERGY INC
GSBC,GREAT SOUTHERN BANCORP
GWB,GREAT WESTERN BANCORP
GB,GREATBATCH INC
GNBC,GREEN BANCORP INC
GRBK,GREEN BRICK PARTNERS IN
GDOT,GREEN DOT CORP
GPRE,GREEN PLAINS INC
GBX,GREENBRIER COMPANIES IN
GHL,GREENHILL & CO INC
GLRE,GREENLIGHT CAPITAL RE L
GEF,GREIF INC
GFF,GRIFFON CORP
GPI,GROUP 1 AUTOMOTIVE INC
GRPN,GROUPON INC
GRUB,GRUBHUB INC
GSIG,GSI GROUP INC
GTT,GTT COMMUNICATIONS INC
GBNK,GUARANTY BANCORP
GES,GUESS INC
GUID,GUIDANCE SOFTWARE INC
GWRE,GUIDEWIRE SOFTWARE INC
GLF,GULFMARK OFFSHORE INC
GPOR,GULFPORT ENERGY CORP
HEES,H&E EQUIPMENT SERVICES
HABT,HABIT RESTAURANTS
HCKT,HACKETT GROUP INC
HAE,HAEMONETICS CORP
HAIN,HAIN CELESTIAL GROUP
HK,HALCON RESOURCES CORP
HNRG,HALLADOR ENERGY CO
HAL,HALLIBURTON CO
HALL,HALLMARK FINL SVCS INC
HALO,HALOZYME THERAPEUTICS
HYH,HALYARD HEALTH INC
HMPR,HAMPTON ROADS BANKSHARE
HBHC,HANCOCK HOLDING CO
HNH,HANDY & HARMAN HLDGS LT
HBI,HANESBRAND INC
HGR,HANGER INC
HAFC,HANMI FINANCIAL CORP
HASI,HANNON ARMSTRONG SUSTAI
THG,HANOVER INSURANCE GROUP
HOG,HARLEY DAVIDSON INC
HAR,HARMAN INTERNATIONAL IN
HLIT,HARMONIC INC
HRS,HARRIS CORP
HSC,HARSCO CORP
HHS,HARTE HANKS INC
HIG,HARTFORD FINL SVCS GRP
HBIO,HARVARD BIOSCIENCE INC
HAS,HASBRO INC
HTS,HATTERAS FINL CORP
HVT,HAVERTY FURNITURE INC
HE,HAWAIIAN ELECTRIC INDS
HA,HAWAIIAN HOLDINGS INC
HCOM,HAWAIIAN TELCOM HOLDCO
HWKN,HAWKINS INC
HAYN,HAYNES INTERNATIONAL IN
FUL,HB FULLER COMPANY
HCHC,HC2 HLDGS INC
HCA,HCA HOLDINGS INC
HCC,HCC INSURANCE HLDGS IN
HCI,HCI GROUP INC
HCP,HCP INC
HDS,HD SUPPLY HOLDINGS INC
HW,HEADWATERS INC
HCN,HEALTH CARE REIT INC
HNT,HEALTH NET INC
HR,HEALTHCARE REALTY TRUST
HCSG,HEALTHCARE SVCS GRP INC
HTA,HEALTHCARE TR AMER INC
HQY,HEALTHEQUITY INC
HLS,HEALTHSOUTH CORP
HSTM,HEALTHSTREAM INC
HWAY,HEALTHWAYS INC
HTLD,HEARTLAND EXPRESS INC
HTLF,HEARTLAND FINANCIAL USA
HPY,HEARTLAND PAYMENT SYS
HTWR,HEARTWARE INTL INC
HL,HECLA MINING CO
HEI.A,HEICO CORP CL A
HEI,HEICO CORP COMMON
HSII,HEIDRICK & STRUGGLES
HELE,HELEN OF TROY LTD
HLX,HELIX ENERGY SOLUTIONS
HP,HELMERICH & PAYNE INC
HMTV,HEMISPHERE MEDIA GROUP
JKHY,HENRY JACK & ASSOCIATES
HLF,HERBALIFE LTD
HTBK,HERITAGE COMMERCE CORP
HCCI,HERITAGE CRYL CLEAN INC
HFWA,HERITAGE FINANCIAL CORP
HBOS,HERITAGE FINANCIAL GROU
HRTG,HERITAGE INS HLDGS INC
HEOP,HERITAGE OAKS BANCORP
MLHR,HERMAN MILLER INC
HRTX,HERON THERAPEUTICS INC
HT,HERSHA HOSPITALITY TRUS
HSY,HERSHEY COMPANY
HTZ,HERTZ GLOBAL HOLDINGS
HSKA,HESKA CORP
HES,HESS CORP
HPQ,HEWLETT PACKARD CO
HXL,HEXCEL CORP
HF,HFF INC
HIBB,HIBBETT SPORTS INC
HIW,HIGHWOODS PROPERTIES IN
HIL,HILL INTERNATIONAL INC
HI,HILLENBRAND INC
HRC,HILL-ROM HOLDINGS INC
HTH,HILLTOP HOLDINGS INC
HLT,HILTON WORLDWIDE HOLDIN
HIFS,HINGHAM INSTN SVGS MASS
HMSY,HMS HOLDINGS CORP
HNI,HNI CORPORATION
HFC,HOLLYFRONTIER CORP
HOLX,HOLOGIC INC
HOMB,HOME BANCSHARES INC
HD,HOME DEPOT INC
HME,HOME PROPERTIES INC
AWAY,HOMEAWAY INC
HMST,HOMESTREET INC
HTBI,HOMETRUST BANCSHARES IN
HON,HONEYWELL INTERNATIONAL
HOFT,HOOKER FURNITURE CORP
HMN,HORACE MANN EDUCATORS
HBNC,HORIZON BANCORP IND
HRL,HORMEL FOODS CORP
HOS,HORNBECK OFFSHORE SVCS
ZINC,HORSEHEAD HOLDING CORP
HDP,HORTONWORKS INC
HSP,HOSPIRA INC
HPT,HOSPITALITY PPTYS TRUST
HST,HOST HOTELS & RESORTS
HMHC,HOUGHTON MIFFLIN HARCOU
HOV,HOVNANIAN ENTERPRISES
HHC,HOWARD HUGHES CORP
HRG,HRG GROUP INC
HSNI,HSN INC
HUBG,HUB GROUP INC
HUB.B,HUBBELL INC
HUBS,HUBSPOT INC
HCBK,HUDSON CITY BANCORP
HPP,HUDSON PAC PPTYS INC
HVB,HUDSON VALLEY HOLDING
HUM,HUMANA INC
HBAN,HUNTINGTON BANCSHARES
HII,HUNTINGTON INGALLS IND
HUN,HUNTSMAN CORP
HURC,HURCO COMPANIES INC
HURN,HURON CONSULTING GROUP
H,HYATT HOTELS CORP
HY,HYSTER-YALE MATERIALS
IACI,IAC INTERACTIVECORP
IBKC,IBERIABANK CORP
ICFI,ICF INTERNATIONAL INC
ICON,ICONIX BRAND GROUP INC
ICUI,ICU MEDICAL INC
IDA,IDACORP INC
IDRA,IDERA PHARMACEUTICALS
IEX,IDEX CORP
IDXX,IDEXX LABS INC
IDT,IDT CORP
IGTE,IGATE CORP
IG,IGI LABS INC
RXDX,IGNYTA INC
IHS,IHS INC
IIVI,II VI INC
ITW,ILLINOIS TOOL WORKS INC
ILMN,ILLUMINA INC
IMN,IMATION CORP
IMAX,IMAX CORP
IMMR,IMMERSION CORP
IMDZ,IMMUNE DESIGN CORP
IMGN,IMMUNOGEN INC
IMMU,IMMUNOMEDICS INC
IMH,IMPAC MTG HLDGS INC
IPXL,IMPAX LABORATORIES INC
IMPV,IMPERVA INC
IMPR,IMPRIVATA INC
IMS,IMS HEALTH HLDGS INC
INCR,INC RESEARCH HOLDINGS
SAAS,INCONTACT INC
INCY,INCYTE CORP
ICD,IND CONTRACT DRILLING
IHC,INDEPENDENCE HOLDING CO
IRT,INDEPENDENCE RLTY TRUST
IBCP,INDEPENDENT BANK CORP
INDB,INDEPENDENT BANK MA
IBTX,INDEPENDENT BK GROUP IN
INFN,INFINERA CORP
INFI,INFINITY PHARMACEUTICAL
IPCC,INFINITY PPTY & CAS COR
BLOX,INFOBLOX INC
INFA,INFORMATICA CORP
HIFR,INFRAREIT INC
IR,INGERSOLL-RAND PLC
IMKTA,INGLES MARKETS INC
IM,INGRAM MICRO INC
INGR,INGREDION INC
IRC,INLAND REAL ESTATE CORP
INWK,INNERWORKINGS INC
IPHS,INNOPHOS HOLDINGS INC
IOSP,INNOSPEC INC
INGN,INOGEN INC
INOV,INOVALON HOLDINGS INC
INO,INOVIO PHARMACEUTICALS
IPHI,INPHI CORP
NSIT,INSIGHT ENTERPRISES INC
INSM,INSMED INC
NSP,INSPERITY INC
IBP,INSTALLED BLDNG PRODUCT
IIIN,INSTEEL INDUSTRIES INC
PODD,INSULET CORP
INSY,INSYS THERAPEUTICS INC
IART,INTEGRA LIFESCIENCES
IDTI,INTEGRATED DEVICE TECH
ISSI,INTEGRATED SILICON SLTN
TEG,INTEGRYS ENERGY GROUP
INTC,INTEL CORP
IQNT,INTELIQUENT INC
I,INTELSAT SA
IPAR,INTER PARFUMS INC
IBKR,INTERACTIVE BROKERS GRP
ININ,INTERACTIVE INTELLIGENC
ICPT,INTERCEPT PHARMA INC
ICE,INTERCONTINENTAL EXCH
IDCC,INTERDIGITAL INC
TILE,INTERFACE INC
INAP,INTERNAP CORPORATION
IBOC,INTERNATIONAL BANCSHARE
IGT,INTERNATIONAL GAME TECH
IP,INTERNATIONAL PAPER CO
ISCA,INTERNATIONAL SPEEDWAY
IPG,INTERPUBLIC GROUP OF CO
XENT,INTERSECT ENT INC
ISIL,INTERSIL CORP
IILG,INTERVAL LEISURE GRP IN
IBM,INTL BUSINESS MACHINES
INTL,INTL FCSTONE INC
IFF,INTL FLAVORS & FRAGRANC
ITCI,INTRA CELLULAR THERAPIE
IL,INTRALINKS HLDGS INC
SNOW,INTRAWEST RSRTS HLDG IN
IPI,INTREPID POTASH INC
XON,INTREXON CORP
INTU,INTUIT
ISRG,INTUITIVE SURGICAL INC
IVC,INVACARE CORP
INVN,INVENSENSE INC
SNAK,INVENTURE FOODS INC
IVZ,INVESCO LTD
IVR,INVESCO MORTGAGE CAP
ITG,INVESTMENT TECHNOLOGY
ISBC,INVESTORS BANCORP INC
IRET,INVESTORS REAL ESTATE T
NVTA,INVITAE CORPORATION
NVIV,INVIVO THERAPEUTICS HLD
IO,ION GEOPHYSICAL CORP
IPCM,IPC HEALTHCARE INC
IPGP,IPG PHOTONICS CORP
IRMD,IRADIMED CORPORATION
IRDM,IRIDIUM COMMUNICATIONS
IRBT,IROBOT CORP
IRM,IRON MOUNTAIN INC
IRWD,IRONWOOD PHARMACEUTICAL
ISIS,ISIS PHARMACEUTICALS
ISLE,ISLE OF CAPRI CASINOS
ISRL,ISRAMCO INC
STAR,ISTAR FINANCIAL INC
ITC,ITC HOLDINGS CORP
ITRI,ITRON INC
ITT,ITT CORPORATION
XXIA,IXIA
IXYS,IXYS CORP
JJSF,J & J SNACK FOODS CO
JCOM,J2 GLOBAL INC
JBL,JABIL CIRCUIT INC
JACK,JACK IN THE BOX INC
JEC,JACOBS ENGINEERING GRP
JAKK,JAKKS PACIFIC INC
JMBA,JAMBA INC
JRVR,JAMES RIVER GROUP HLDG
JNS,JANUS CAPITAL GROUP INC
JAH,JARDEN CORP
JAZZ,JAZZ PHARMACEUTICALS PL
JBHT,JB HUNT TRANS SVCS INC
JDSU,JDS UNIPHASE CORP
JBLU,JETBLUE AIRWAYS CORP
JGW,JG WENTWORTH CO
JIVE,JIVE SOFTWARE INC
JBT,JOHN BEAN TECH CORP
JNJ,JOHNSON & JOHNSON
JCI,JOHNSON CONTROLS INC
JOUT,JOHNSON OUTDOORS INC
JONE,JONES ENERGY INC
JLL,JONES LANG LASALLE INC
JMG,JOURNAL MEDIA GROUP INC
JOY,JOY GLOBAL INC
JPM,JPMORGAN CHASE & CO
JNPR,JUNIPER NETWORKS INC
JUNO,JUNO THERAPEUTICS INC
LRN,K12 INC
KTWO,K2M GROUP HLDGS INC
KAI,KADANT INC
KALU,KAISER ALUMINUM CORP
KAMN,KAMAN CORP
KCLI,KANSAS CITY LIFE INS CO
KSU,KANSAS CITY SOUTHERN
KS,KAPSTONE PAPER AND PACK
KAR,KAR AUCTION SERVICES IN
KPTI,KARYOPHARM THERAPEUTICS
KATE,KATE SPADE & CO
KBH,KB HOME
KBR,KBR INC
KCG,KCG HOLDINGS INC
KRNY,KEARNY FINANCIAL CORP
K,KELLOGG CO
KELYA,KELLY SERVICES INC
KMPR,KEMPER CORPORATION
KMT,KENNAMETAL INC
KW,KENNEDY-WILSON HLDGS IN
KERX,KERYX BIOPHARMACEUTICAL
GMCR,KEURIG GREEN MOUNTAIN
KEG,KEY ENERGY SERVICES INC
KEY,KEYCORP
KEYS,KEYSIGHT TECHNOLOGIES
KEYW,KEYW HOLDING CORP
KFRC,KFORCE INC
KRC,KILROY REALTY CORP
KE,KIMBALL ELECTRONICS INC
KBAL,KIMBALL INTERNATIONAL
KMB,KIMBERLY CLARK CORP
KIM,KIMCO REALTY CORP
KMI,KINDER MORGAN INC
KND,KINDRED HEALTHCARE INC
KING,KING DIGITAL ENTMT PLC
KEX,KIRBY CORP
KIRK,KIRKLANDS INC
KITE,KITE PHARMA INC
KRG,KITE REALTY GROUP TRUST
KLAC,KLA-TENCOR CORP
KLXI,KLX INC
KMG,KMG CHEMICALS INC
KNX,KNIGHT TRANSPORTATION
KNL,KNOLL INC
KN,KNOWLES CORPORATION
KSS,KOHLS CORP
KONA,KONA GRILL INC
KOPN,KOPIN CORP
KOP,KOPPERS HOLDINGS INC
KFY,KORN FERRY INTERNATIONA
KOS,KOSMOS ENERGY LTD
KRFT,KRAFT FOODS GROUP INC
KRA,KRATON PERF POLYMERS
KTOS,KRATOS DEFENSE & SEC SO
KKD,KRISPY KREME DOUGHNUTS
KR,KROGER CO
KRO,KRONOS WORLDWIDE INC
KVHI,KVH INDUSTRIES INC
KYTH,KYTHERA BIOPHARM INC
LB,L BRANDS INC
LLL,L-3 COMMUNICATIONS HLDG
LJPC,LA JOLLA PHARMACEUTICAL
LQ,LA QUINTA HLDGS INC
LZB,LA Z BOY INC
LH,LABORATORY CORP OF AMER
LG,LACLEDE GROUP INC
LADR,LADDER CAPITAL CORP
LTS,LADENBURG THALMAN FIN
LBAI,LAKELAND BANCORP INC
LKFN,LAKELAND FINANCIAL CORP
LRCX,LAM RESEARCH CORP
LAMR,LAMAR ADVERTISING CO
LANC,LANCASTER COLONY CORP
LDR,LANDAUER INC
LNDC,LANDEC CORP
LE,LANDS END INC
LSTR,LANDSTAR SYSTEMS INC
LCI,LANNETT CO INC
LPI,LAREDO PETROLEUM INC
LVS,LAS VEGAS SANDS CORP
LHO,LASALLE HOTEL PROPERTIE
LSCC,LATTICE SEMICONDUCTOR
LAWS,LAWSON PRODUCTS INC
LAZ,LAZARD LTD
LDRH,LDR HOLDING CORPORATION
LEA,LEAR CORP
LTXB,LEGACYTEXAS FIN GROUP
LM,LEGG MASON INC
LEG,LEGGETT & PLATT INC
LDOS,LEIDOS HOLDINGS INC
LMAT,LEMAITRE VASCULAR INC
LC,LENDINGCLUB CORPORATION
TREE,LENDINGTREE INC
LEN,LENNAR CORP CL A
LEN.B,LENNAR CORP CL B
LII,LENNOX INTERNATIONAL IN
LUK,LEUCADIA NATIONAL CORP
LVLT,LEVEL 3 COMMUNICATIONS
LXRX,LEXICON PHARMACEUTICALS
LXP,LEXINGTON REALTY TRUST
LXK,LEXMARK INTERNATIONAL
LGIH,LGI HOMES INC
LHCG,LHC GROUP INC
LBY,LIBBEY INC
LBRDA,LIBERTY BROADBAND CL A
LBRDK,LIBERTY BROADBAND CL C
QVCA,LIBERTY INTERACTIVE QVC
LMCA,LIBERTY MEDIA CORP CL A
LMCK,LIBERTY MEDIA CORP CL C
LPT,LIBERTY PROPERTY TRUST
TAX,LIBERTY TAX INC
LTRPA,LIBERTY TRIPADVISOR HLD
LVNTA,LIBERTY VENTURES
LOCK,LIFELOCK INC
LPNT,LIFEPOINT HEALTH INC
LCUT,LIFETIME BRANDS INC
LWAY,LIFEWAY FOODS INC
LGND,LIGAND PHARMACEUTICALS
LLY,LILLY ELI & CO
LLNW,LIMELIGHT NETWORKS INC
LMNR,LIMONEIRA CO
LECO,LINCOLN ELECTRIC HLDGS
LNC,LINCOLN NATIONAL CORP
LNN,LINDSAY CORP
LLTC,LINEAR TECHNOLOGY CO
LNKD,LINKEDIN CORP
LBIO,LION BIOTECHNOLOGIES IN
LIOX,LIONBRIDGE TECHNOLOGIES
LGF,LIONS GATE ENTMNT CORP
LQDT,LIQUIDITY SERVICES INC
LAD,LITHIA MOTORS INC
LFUS,LITTELFUSE INC
LYV,LIVE NATION ENT INC
LPSN,LIVEPERSON INC
LKQ,LKQ CORP
LMT,LOCKHEED MARTIN CORP
L,LOEWS CORP
LOGM,LOGMEIN INC
LORL,LORAL SPACE & COMM
LPX,LOUISIANA PACIFIC CORP
LOW,LOWES COS INC
LOXO,LOXO ONCOLOGY INC
LPLA,LPL FINANCIAL HOLDINGS
LXU,LSB INDUSTRIES INC
LYTS,LSI INDUSTRIES INC
LTC,LTC PROPERTIES INC
LULU,LULULEMON ATHLETICA INC
LL,LUMBER LIQUIDATORS HLDG
LMNX,LUMINEX CORP
LMOS,LUMOS NETWORKS CORP
LXFT,LUXOFT HOLDING INC
LDL,LYDALL INC
LYB,LYONDELLBASELL INDS
MTB,M & T BANK CORP
MHO,M/I HOMES INC
MTSI,MA COM TECHNOLOGY SOL
MAC,MACERICH CO
CLI,MACK CALI REALTY CORP
MIC,MACQUARIE INFRASTRUCTUR
MGNX,MACROGENICS INC
M,MACYS INC
SHOO,MADDEN STEVEN LTD
MSG,MADISON SQUARE GARDEN
MGLN,MAGELLAN HEALTH INC
MHR,MAGNUM HUNTER RES CORP
MHLD,MAIDEN HOLDINGS LTD
MSFG,MAINSOURCE FINANCIAL GR
MBUU,MALIBU BOATS INC
MNK,MALLINCKRODT PLC
MANH,MANHATTAN ASSOCS INC
MTW,MANITOWOC CO INC
MNKD,MANNKIND CORP
MAN,MANPOWERGROUP
MANT,MANTECH INTERNATIONAL
MRO,MARATHON OIL CORP
MPC,MARATHON PETROLEUM CORP
MCHX,MARCHEX INC
MMI,MARCUS & MILLICHAP
MCS,MARCUS CORP
MRIN,MARIN SOFTWARE INC
MPX,MARINE PRODUCTS CORP
HZO,MARINEMAX INC
MKL,MARKEL CORP
MKTX,MARKETAXESS HOLDINGS IN
MKTO,MARKETO INC
MRLN,MARLIN BUSINESS SVCS
MAR,MARRIOTT INTL INC
VAC,MARRIOTT VAC WORLD CORP
MMC,MARSH & MCLENNAN COS
MRTN,MARTEN TRANS LTD
MSO,MARTHA STEWART LIVING
MLM,MARTIN MARIETTA MTLS
MRVL,MARVELL TECHNOLOGY GROU
MAS,MASCO CORP
MASI,MASIMO CORPORATION
DOOR,MASONITE INTL CORP
MTZ,MASTEC INC
MA,MASTERCARD INC
MTDR,MATADOR RES CO
MTRN,MATERION CORPORATION
MTRX,MATRIX SERVICE CO
MATX,MATSON INC
MAT,MATTEL INC
MATW,MATTHEWS INTERNATIONAL
MFRM,MATTRESS FIRM HLDG CORP
MTSN,MATTSON TECHNOLOGY INC
MXIM,MAXIM INTEGRATED PRODS
MMS,MAXIMUS INC
MXL,MAXLINEAR INC
MXPT,MAXPOINT INTERACTIVE IN
MBFI,MB FINANCIAL INC
MBI,MBIA INC
MKC,MCCORMICK & CO INC
MDR,MCDERMOTT INTL INC
MCD,MCDONALDS CORP
MGRC,MCGRATH RENTCORP
MHFI,MCGRAW HILL FINL INC
MCK,MCKESSON CORP
MDCA,MDC CORP
MDC,MDC HOLDINGS INC
MDU,MDU RESOURCES GROUP INC
MJN,MEAD JOHNSON NUTRITION
MIG,MEADOWBROOK INS GROUP
MWV,MEADWESTVACO CORP
MDAS,MEDASSETS INC
MDGN,MEDGENICS INC
MEG,MEDIA GENERAL INC
MPW,MEDICAL PROPERTIES TRUS
MDCO,MEDICINES CO
MDSO,MEDIDATA SOLUTIONS INC
MED,MEDIFAST INC
MDVN,MEDIVATION INC
MDLY,MEDLEY MANAGEMENT INC
MD,MEDNAX INC
MDT,MEDTRONIC PLC
MRD,MEMORIAL RESOURCE DEV
MW,MENS WEARHOUSE INC
MENT,MENTOR GRAPHICS CORP
MBWM,MERCANTILE BANK CORP
MBVT,MERCHANTS BANCSHARES
MRK,MERCK & CO INC
MCY,MERCURY GENERAL CORP
MRCY,MERCURY SYSTEMS INC
MDP,MEREDITH CORP
MRGE,MERGE HEALTHCARE INC
EBSB,MERIDIAN BANCORP INC
VIVO,MERIDIAN BIOSCIENCE INC
MMSI,MERIT MED SYSTEMS INC
MTH,MERITAGE HOMES CORP
MTOR,MERITOR INC
MACK,MERRIMACK PHARMACEUTICA
MLAB,MESA LABS INC
CASH,META FINANCIAL GROUP IN
MPG,METALDYNE PERFORM GROUP
MEI,METHODE ELECTRS INC
MET,METLIFE INC
METR,METRO BANCORP INC
MTD,METTLER TOLEDO INTL INC
MFA,MFA FINANCIAL INC
MGEE,MGE ENERGY INC
MTG,MGIC INVESTMENT CORP
MGM,MGM RESORTS INTL
MGPI,MGP INGREDIENTS INC
KORS,MICHAEL KORS HLDGS LTD
MIK,MICHAELS COS INC/THE
MCRL,MICREL INC
MCHP,MICROCHIP TECHNOLOGY
MU,MICRON TECHNOLOGY INC
MSCC,MICROSEMI CORP
MSFT,MICROSOFT CORP
MSTR,MICROSTRATEGY INC
MAA,MID-AMER APT CMNTYS
MIDD,MIDDLEBY CORP
MSEX,MIDDLESEX WATER CO
MOFG,MIDWESTONE FINL GROUP
MM,MILLENNIAL MEDIA INC
MLR,MILLER INDUSTRIES INC
MDXG,MIMEDX GROUP INC
MTX,MINERALS TECHNOLOGIES
MRTX,MIRATI THERAPEUTICS INC
MG,MISTRAS GROUP INC
MKSI,MKS INSTRUMENTS INC
MINI,MOBILE MINI INC
MOBL,MOBILEIRON INC
MODN,MODEL N INC
MOD,MODINE MANUFACTURING CO
MLNK,MODUSLINK GLB SOLUTIONS
MC,MOELIS & CO
MHK,MOHAWK INDUSTRIES INC
MOH,MOLINA HEALTHCARE INC
TAP,MOLSON COORS BREWING CO
MNTA,MOMENTA PHARMACEUTICALS
MCRI,MONARCH CASINO & RESORT
MDLZ,MONDELEZ INTERNATIONAL
MGI,MONEYGRAM INTERNATIONAL
MNR,MONMOUTH REAL ESTATE
MORE,MONOGRAM RESIDENTIAL TR
MPWR,MONOLITHIC POWER SYSTEM
TYPE,MONOTYPE IMAGING HLDG
MNRO,MONRO MUFFLER BRAKE INC
MON,MONSANTO CO
MNST,MONSTER BEVERAGE CORP
MWW,MONSTER WORLDWIDE INC
MRH,MONTPELIER RE HOLDINGS
MCO,MOODYS CORP
MOG.A,MOOG INC
MS,MORGAN STANLEY
MHGC,MORGANS HOTEL GROUP CO
MORN,MORNINGSTAR INC
MOS,MOSAIC COMPANY
MPAA,MOTORCAR PTS AMERICA IN
MSI,MOTOROLA SOLUTIONS INC
MOV,MOVADO GROUP INC
MRC,MRC GLOBAL INC
MSA,MSA SAFETY INC
MSM,MSC INDL DIRECT INC
MSCI,MSCI INC
MTSC,MTS SYSTEMS CORP
MLI,MUELLER INDUSTRIES INC
MWA,MUELLER WTR PRODS INC
LABL,MULTI COLOR CORP
MFLX,MULTI-FINELINE ELECTRON
MUR,MURPHY OIL CORP
MUSA,MURPHY USA INC
MYE,MYERS INDUSTRIES INC
MYL,MYLAN NV
MYRG,MYR GROUP INC
MYGN,MYRIAD GENETICS INC
NBR,NABORS INDUSTRIES LTD
NC,NACCO INDUSTRIES INC
NANO,NANOMETRICS INC
NSTG,NANOSTRING TECH INC
NDAQ,NASDAQ OMX GROUP INC
NBHC,NATIONAL BANK HOLDINGS
NKSH,NATIONAL BANKSHARES INC
FIZZ,NATIONAL BEVERAGE CORP
NCMI,NATIONAL CINEMEDIA INC
NCOM,NATIONAL COMM CORP
NFG,NATIONAL FUEL GAS CO
NGHC,NATIONAL GEN HLDGS CORP
NHI,NATIONAL HEALTH INVS IN
NHC,NATIONAL HEALTHCARE COR
NATI,NATIONAL INSTRS CORP
NATL,NATIONAL INTERSTATE COR
NOV,NATIONAL OILWELL VARCO
NPBC,NATIONAL PENN BANCSHARE
NPK,NATIONAL PRESTO INDS IN
NRCIA,NATIONAL RESEARCH CORP
NNN,NATIONAL RETAIL PPTYS
NSA,NATIONAL STORAGE AFFIL
NWLI,NATIONAL WESTRN LIFE IN
NSM,NATIONSTAR MTG HLDGS IN
NGS,NATURAL GAS SERVICES GR
NGVC,NATURAL GROCERS VITA CT
NHTC,NATURAL HEALTH TRENDS C
NATR,NATURES SUNSHINE PRODS
BABY,NATUS MEDICAL INC
NLS,NAUTILUS INC
NAVB,NAVIDEA BIOPHARMA INC
NAVI,NAVIENT CORPORATION
NCI,NAVIGANT CONSULTING INC
NAVG,NAVIGATORS GROUP INC
NNA,NAVIOS MARITIME ACQUIS
NM,NAVIOS MARITIME HOLDING
NAV,NAVISTAR INTL CORP
NBTB,NBT BANCORP INC
NCS,NCI BUILDING SYSTEMS IN
NCR,NCR CORP
NP,NEENAH PAPER INC
NEFF,NEFF CORP
NKTR,NEKTAR THERAPEUTICS
NNI,NELNET INC
NEOG,NEOGEN CORP
NEO,NEOGENOMICS INC
NPTN,NEOPHOTONICS CORP
NTAP,NETAPP INC
NFLX,NETFLIX INC
NTGR,NETGEAR INC
NTCT,NETSCOUT SYSTEMS INC
N,NETSUITE INC
NBIX,NEUROCRINE BIOSCIENCES
NSR,NEUSTAR INC
NVRO,NEVRO CORP
NWHM,NEW HOME COMPANY INC
NJR,NEW JERSEY RESOURCES
NEWM,NEW MEDIA INVT GROUP IN
NEWR,NEW RELIC INC
NRZ,NEW RESIDENTIAL INVT
SNR,NEW SR INVT GROUP INC
NYCB,NEW YORK CMNTY BANCORP
NYMT,NEW YORK MTG TR INC
NYRT,NEW YORK REIT INC
NYT,NEW YORK TIMES CO
NBBC,NEWBRIDGE BANCORP
NWL,NEWELL RUBBERMAID INC
NFX,NEWFIELD EXPLORATION CO
NLNK,NEWLINK GENETICS CORP
NEU,NEWMARKET CORPORATION
NEM,NEWMONT MINING CORP
NR,NEWPARK RESOURCES INC
NEWP,NEWPORT CORP
NWSA,NEWS CORP CL A
NWS,NEWS CORP CL B
NEWS,NEWSTAR FINANCIAL INC
NXRT,NEXPOINT RESIDENTIAL TR
NXST,NEXSTAR BROADCASTING GR
NEE,NEXTERA ENERGY INC
EGOV,NIC INC
NLSN,NIELSEN NV
NKE,NIKE INC
NMBL,NIMBLE STORAGE INC
NI,NISOURCE INC
NL,NL INDUSTRIES INC
NMIH,NMI HLDGS INC
NNBR,NN INC
HLTH,NOBILIS HEALTH CORP
NE,NOBLE CORPORATION PLC
NBL,NOBLE ENERGY INC
NDLS,NOODLES & COMPANY
NAO,NORDIC AMERICAN OFFSHOR
NAT,NORDIC AMERICAN TANKER
NDSN,NORDSON CORP
JWN,NORDSTROM INC
NSC,NORFOLK SOUTHERN CORP
NTK,NORTEK INC
NADL,NORTH ATLANTIC DRILLING
NOG,NORTHERN OIL & GAS INC
NTRS,NORTHERN TRUST CORP
NFBK,NORTHFIELD BANCORP INC
NOC,NORTHROP GRUMMAN CORP
NSAM,NORTHSTAR ASSET MGMT GR
NRF,NORTHSTAR REALTY FINANC
NWBI,NORTHWEST BANCSHARES IN
NWBO,NORTHWEST BIOTHERAPEUTI
NWN,NORTHWEST NATURAL GAS C
NWPX,NORTHWEST PIPE CO
NWE,NORTHWESTERN CORP
NCLH,NORWEGIAN CRUISE LINE
MIFI,NOVATEL WIRELESS INC
NVAX,NOVAVAX INC
DNOW,NOW INC
NRG,NRG ENERGY INC
NYLD.A,NRG YIELD INC CL A
NYLD,NRG YIELD INC CL C
NTLS,NTELOS HOLDINGS CORP
NUS,NU SKIN ENTERPRISES
NUAN,NUANCE COMMUNICATIONS
NUE,NUCOR CORP
NUTR,NUTRACEUTICAL INTL CORP
NTRI,NUTRI SYSTEM INC
NUVA,NUVASIVE INC
NVEE,NV5 HLDGS INC
NVEC,NVE CORP
NVDA,NVIDIA CORP
NVR,NVR INC
NXTM,NXSTAGE MEDICAL INC
ORLY,O REILLY AUTOMOTIVE INC
OAS,OASIS PETE INC
OCAT,OCATA THERAPEUTICS INC
OXY,OCCIDENTAL PETE CORP
OII,OCEANEERING INTL INC
OCFC,OCEANFIRST FINANCIAL
OCLR,OCLARO INC
OCUL,OCULAR THERAPEUTIX INC
OCN,OCWEN FINANCIAL CORP
ODP,OFFICE DEPOT INC
OFG,OFG BANCORP
OGE,OGE ENERGY CORP
ODC,OIL DRI CORP OF AMERICA
OIS,OIL STATES INTERNATIONA
ODFL,OLD DOMINION FREIGHT
ONB,OLD NATIONAL BANCORP
ORI,OLD REPUBLIC INTL CORP
OSBC,OLD SECOND BANCORP INC
OLN,OLIN CORP
ZEUS,OLYMPIC STEEL INC
OMAM,OM ASSET MANAGEMENT
OMG,OM GROUP INC
OFLX,OMEGA FLEX INC
OHI,OMEGA HEALTHCARE INVS
OME,OMEGA PROTEIN CORP
OMER,OMEROS CORP
OCR,OMNICARE INC
OMCL,OMNICELL INC
OMC,OMNICOM GROUP INC
OVTI,OMNIVISION TECHNOLOGIES
OMN,OMNOVA SOLUTIONS INC
ASGN,ON ASSIGNMENT INC
ONDK,ON DECK CAPITAL INC
ON,ON SEMICONDUCTOR CORP
OMED,ONCOMED PHARMACEUTICALS
ONTY,ONCOTHYREON INC
OGS,ONE GAS INC
OLP,ONE LIBERTY PROPERTIES
OB,ONEBEACON INSURANCE GRP
OKE,ONEOK INC
OPHT,OPHTHOTECH CORP
OPK,OPKO HEALTH INC
OPWR,OPOWER INC
OPY,OPPENHEIMER HOLDINGS IN
OPB,OPUS BK IRVINE CALIF
ORCL,ORACLE CORP
OSUR,ORASURE TECHNOLOGIES IN
ORBC,ORBCOMM INC
OA,ORBITAL ATK INC
OWW,ORBITZ WORLDWIDE INC
ORC,ORCHID ISLAND CAPITAL
TIS,ORCHIDS PAPER PRODS COM
OREX,OREXIGEN THERAPEUTICS
ONVO,ORGANOVO HLDGS INC
ORN,ORION MARINE GROUP INC
ORIT,ORITANI FINANCIAL CORP
ORA,ORMAT TECHNOLOGIES INC
OFIX,ORTHOFIX INTL NV
OSK,OSHKOSH CORP
OSIS,OSI SYSTEMS INC
OSIR,OSIRIS THERAPEUTICS
OTIC,OTONOMY INC
OTTR,OTTER TAIL CORP
OUTR,OUTERWALL INC
OUT,OUTFRONT MEDIA INC
OVAS,OVASCIENCE INC
OSTK,OVERSTOCK COM INC
OMI,OWENS & MINOR INC
OC,OWENS CORNING
OI,OWENS ILLINOIS INC
OXFD,OXFORD IMMUNOTEC GLOBAL
OXM,OXFORD INDUSTRIES INC
PTSI,P A M TRANSN SVCS INC
PCCC,P C CONNECTION
PCAR,PACCAR INC
PACB,PACIFIC BIOSCIENCES CA
PCBK,PACIFIC CONTINENTAL COR
PDVW,PACIFIC DATAVISION INC
PEIX,PACIFIC ETHANOL INC
PPBI,PACIFIC PREMIER BANCORP
PCRX,PACIRA PHARMACEUTICALS
PKG,PACKAGING CORP OF AMER
PACW,PACWEST BANCORP
PLL,PALL CORP
PLMT,PALMETTO BANCSHARES INC
PANW,PALO ALTO NETWORKS INC
P,PANDORA MEDIA INC
PNRA,PANERA BREAD CO
PHX,PANHANDLE OIL AND GAS
PZZA,PAPA JOHNS INTERNATIONA
FRSH,PAPA MURPHYS HLDGS INC
PARR,PAR PETE CORP
PGRE,PARAMOUNT GROUP INC
PRTK,PARATEK PHARMACEUTICALS
PRXL,PAREXEL INTERNATIONAL
PCYG,PARK CITY GROUP INC
PKE,PARK ELECTROCHEMICAL
PRK,PARK NATIONAL CORP
PKOH,PARK OHIO HOLDINGS CORP
PSTB,PARK STERLING CORP
PKD,PARKER DRILLING CO
PH,PARKER HANNIFIN CORP
PKY,PARKWAY PROPERTIES INC
PE,PARSLEY ENERGY INC
PRE,PARTNERRE LTD
PRTY,PARTY CITY HOLDCO INC
PATK,PATRICK INDS INC
PN,PATRIOT NATIONAL INC
PEGI,PATTERN ENERGY GROUP IN
PDCO,PATTERSON COS INC
PTEN,PATTERSON UTI ENERGY
PAYX,PAYCHEX INC
PAYC,PAYCOM SOFTWARE INC
PCTY,PAYLOCITY HLDG CORP
PBF,PBF ENERGY INC
PDCE,PDC ENERGY INC
PDFS,PDF SOLUTIONS INC
PDLI,PDL BIOPHARMA INC
BTU,PEABODY ENERGY CORP
PGC,PEAPACK-GLADSTONE FINL
PEB,PEBBLEBROOK HOTEL TRUST
PEGA,PEGASYSTEMS INC
PCO,PENDRELL CORPORATION
PENN,PENN NATIONAL GAMING IN
PVA,PENN VIRGINIA CORP
JCP,PENNEY J C INC
PWOD,PENNS WOODS BANCORP INC
PEI,PENNSYLVANIA REAL ESTAT
PFSI,PENNYMAC FINL SVCS INC
PMT,PENNYMAC MORTGAGE INV
PAG,PENSKE AUTOMOTIVE GROUP
PNR,PENTAIR PLC
PEBO,PEOPLES BANCORP INC
PFIS,PEOPLES FINL SVCS CORP
PBCT,PEOPLES UNITED FINANCIA
PBY,PEP BOYS MANNY MOE&J
POM,PEPCO HOLDINGS INC
PEP,PEPSICO INC
PPHM,PEREGRINE PHARMACEUTICA
PRFT,PERFICIENT INC
PSG,PERFORMANCE SPORTS GROU
PSEM,PERICOM SEMICONDUCTOR
PKI,PERKINELMER INC
PTX,PERNIX THERAPEUTICS HLD
PRGO,PERRIGO CO PLC
PETS,PETMED EXPRESS INC
PFNX,PFENEX INC
PFE,PFIZER INC
PFSW,PFSWEB INC
PCG,PG&E CORP
PGTI,PGT INC
PMC,PHARMERICA CORP
PHH,PHH CORPORATION
PHIIK,PHI INC
PAHC,PHIBRO ANIMAL HEALTH
PM,PHILIP MORRIS INTL
PSX,PHILLIPS 66
PLAB,PHOTRONICS INC
DOC,PHYSICIANS REALTY TRUST
PICO,PICO HOLDINGS INC
PNY,PIEDMONT NAT GAS INC
PDM,PIEDMONT OFFICE RLTY TR
PIR,PIER 1 IMPORTS INC
PPC,PILGRIMS PRIDE CORP
PNK,PINNACLE ENTMT INC
PNFP,PINNACLE FINANCIAL
PF,PINNACLE FOODS INC
PNW,PINNACLE WEST CAPITAL C
PES,PIONEER ENERGY SERVICES
PXD,PIONEER NAT RESOURCES C
PJC,PIPER JAFFRAY COMPANIES
PBI,PITNEY BOWES INC
PLT,PLANTRONICS INC
PAH,PLATFORM SPECIALTY PROD
PLXS,PLEXUS CORP
PLUG,PLUG POWER INC
PCL,PLUM CREEK TIMBER CO IN
PGEM,PLY GEM HLDGS INC
PMCS,PMC-SIERRA INC
PNC,PNC FINANCIAL SVCS GROU
PNM,PNM RESOURCES INC
PII,POLARIS INDUSTRIES INC
PLCM,POLYCOM INC
POL,POLYONE CORP
PPO,POLYPORE INTL INC
POOL,POOL CORP
PLKI,POPEYES LOU KITCHEN INC
BPOP,POPULAR INC
POR,PORTLAND GEN ELEC CO
PTLA,PORTOLA PHARMACEUTICALS
POST,POST HOLDINGS INC
PPS,POST PROPERTIES INC
PBPB,POTBELLY CORPORATION
PCH,POTLATCH CORP
POWL,POWELL INDUSTRIES INC
POWI,POWER INTEGRATIONS INC
PSIX,POWER SOLUTIONS INTL IN
POWR,POWERSECURE INTL INC
POZN,POZEN INC
PPG,PPG INDUSTRIES INC
PPL,PPL CORP
PRAA,PRA GROUP INC
PRAH,PRA HEALTH SCIENCES INC
PX,PRAXAIR INC
PCP,PRECISION CASTPARTS
APTS,PREFERRED APT CMNTYS IN
PFBC,PREFERRED BANK
PLPC,PREFORMED LINE PRODUCTS
PINC,PREMIER INC
PGI,PREMIERE GLOBAL SERVICE
PGND,PRESS GANEY HLDGS INC
PBH,PRESTIGE BRANDS HOLDING
TROW,PRICE T ROWE GROUP INC
PSMT,PRICESMART INC
PRI,PRIMERICA INC
PRIM,PRIMORIS SVCS CORP
PFG,PRINCIPAL FINANCIAL GRP
PVTB,PRIVATEBANCORP INC
PRA,PROASSURANCE CORP
PG,PROCTER & GAMBLE CO
PGNX,PROGENICS PHARMACEUTICA
PRGS,PROGRESS SOFTWARE CORP
PGR,PROGRESSIVE CORP
PLD,PROLOGIS INC
PFPT,PROOFPOINT INC
PRO,PROS HOLDINGS INC
PB,PROSPERITY BANCSHARES
PRTO,PROTEON THERAPEUTICS IN
PRTA,PROTHENA CORP PLC
PRLB,PROTO LABS INC
PRSC,PROVIDENCE SERVICE CORP
PFS,PROVIDENT FINANCIAL SVC
PRU,PRUDENTIAL FINANCIAL IN
PSB,PS BUSINESS PARKS INC
PTC,PTC INC
PTCT,PTC THERAPEUTICS INC
PSA,PUBLIC STORAGE INC
PEG,PUBLIC SVC ENTERPRISE
PHM,PULTEGROUP INC
PBYI,PUMA BIOTECHNOLOGY INC
PVH,PVH CORP
PZN,PZENA INVESTMENT MGMT
QTWO,Q2 HLDGS INC
QADA,QAD INC
QCRH,QCR HOLDINGS INC
QEP,QEP RESOURCES INC
QGEN,QIAGEN NV
QLIK,QLIK TECHNOLOGIES INC
QLGC,QLOGIC CORP
QRVO,QORVO INC
QTS,QTS REALTY TRUST INC
QUAD,QUAD / GRAPHICS INC
KWR,QUAKER CHEMICAL CORP
QCOM,QUALCOMM INC
QLTY,QUALITY DISTRIBUTION IN
QSII,QUALITY SYSTEMS INC
QLYS,QUALYS INC
NX,QUANEX BUILDING PRODUCT
PWR,QUANTA SERVICES INC
QTM,QUANTUM CORP
DGX,QUEST DIAGNOSTICS INC
STR,QUESTAR CORP
QDEL,QUIDEL CORP
ZQK,QUIKSILVER INC
QNST,QUINSTREET INC
Q,QUINTILES TRANSNATIONAL
RAX,RACKSPACE HOSTING INC
RDN,RADIAN GROUP INC
RLGT,RADIANT LOGISTICS INC
RDUS,RADIUS HEALTH INC
RDNT,RADNET INC
RAS,RAIT FINANCIAL TRUST
RALY,RALLY SOFTWARE DEV CORP
RL,RALPH LAUREN CORP
RMBS,RAMBUS INC
RPT,RAMCO-GERSHENSON PPTYS
RRC,RANGE RESOURCES CORP
RPTP,RAPTOR PHARMACEUTICAL
RAVN,RAVEN INDUSTRIES INC
RJF,RAYMOND JAMES FINANCIAL
RYAM,RAYONIER ADV MATERIALS
RYN,RAYONIER INC
RTN,RAYTHEON CO
ROLL,RBC BEARINGS INC
RCAP,RCS CAPITAL CORP
RMAX,RE/MAX HOLDINGS INC
RDI,READING INTERNATIONAL
RELY,REAL INDUSTRY INC
RLD,REALD INC
RNWK,REALNETWORKS INC
RLGY,REALOGY HOLDINGS CORP
RP,REALPAGE INC
O,REALTY INCOME CORP
RCPT,RECEPTOS INC
RHT,RED HAT INC
RRGB,RED ROBIN GOURMET BURGE
RWT,REDWOOD TRUST INC
RBC,REGAL BELOIT CORP
RGC,REGAL ENTMT GROUP
REG,REGENCY CENTERS CORP
REGN,REGENERON PHARMACEUTICA
RM,REGIONAL MGMT CORP
RF,REGIONS FINANCIAL CORP
RGS,REGIS CORP
RGLS,REGULUS THERAPEUTICS
RGA,REINSURANCE GRP OF AMER
REIS,REIS INC
RS,RELIANCE STEEL & ALUM
RLYP,RELYPSA INC
REMY,REMY INTL INC
RNR,RENAISSANCERE HOLDINGS
RNST,RENASANT CORP
REGI,RENEWABLE ENER GROUP IN
RCII,RENT A CENTER INC
RTK,RENTECH INC
RENT,RENTRAK CORP
RGEN,REPLIGEN CORP
RJET,REPUBLIC AIRWAYS HLD
RBCAA,REPUBLIC BANCORP INC KY
RSG,REPUBLIC SERVICES INC
RMD,RESMED INC
REXI,RESOURCE AMERICA INC
RSO,RESOURCE CAPITAL CORP
RECN,RESOURCES CONNECTION
RH,RESTORATION HARDWARE
ROIC,RETAIL OPPORTUNITY INVT
RPAI,RETAIL PPTYS AMER INC
SALE,RETAILMENOT INC
RTRX,RETROPHIN INC
RVNC,REVANCE THERAPEUTICS IN
REV,REVLON INC
REX,REX AMERICAN RESOURCES
REXX,REX ENERGY CORP
REXR,REXFORD INDUSTRIAL RLTY
RXN,REXNORD CORP
RAI,REYNOLDS AMERICAN INC
RICE,RICE ENERGY INC
RIGL,RIGEL PHARMACEUTICALS
RNET,RIGNET INC
REI,RING ENERGY INC
RNG,RINGCENTRAL INC
RAD,RITE AID CORP
RLI,RLI CORP
RLJ,RLJ LODGING TR
RRTS,ROADRUNNER TRNSN SVCS
RHI,ROBERT HALF INTL INC
FUEL,ROCKET FUEL INC
RKT,ROCK-TENN CO
ROK,ROCKWELL AUTOMATION INC
COL,ROCKWELL COLLINS INC
RMTI,ROCKWELL MEDICAL INC
RSTI,ROFIN SINAR TECHNOLOGIE
ROG,ROGERS CORP
ROL,ROLLINS INC
ROP,ROPER TECHNOLOGIES INC
ROSE,ROSETTA RESOURCES INC
ROST,ROSS STORES INC
RSE,ROUSE PROPERTIES INC
ROVI,ROVI CORPORATION
RDC,ROWAN COMPANIES PLC
RCL,ROYAL CARIBBEAN CRUISES
RGLD,ROYAL GOLD INC
RES,RPC INC
RPM,RPM INTERNATIONAL INC
RPXC,RPX CORP
RSPP,RSP PERMIAN INC
RTI,RTI INTERNATIONAL METAL
RTIX,RTI SURGICAL INC
RUBI,RUBICON PROJ INC
RT,RUBY TUESDAY INC
RKUS,RUCKUS WIRELESS INC
RTEC,RUDOLPH TECHNOLOGIES IN
RUSHA,RUSH ENTERPRISES INC
RUTH,RUTH'S HOSPITALITY GROU
R,RYDER SYSTEM INC
RYI,RYERSON HOLDING CORP
RYL,RYLAND GROUP INC
RHP,RYMAN HOSPITALITY PPTYS
STBA,S & T BANCORP INC
SBRA,SABRA HEALTH CARE REIT
SABR,SABRE CORP
SB,SAFE BULKERS INC
SFE,SAFEGUARD SCIENTIFICS
SAFT,SAFETY INSURANCE GRP IN
SGA,SAGA COMMUNICATIONS INC
SAGE,SAGE THERAPEUTICS INC
SGNT,SAGENT PHARMACEUTICALS
SAIA,SAIA INC
CRM,SALESFORCE COM INC
SBH,SALLY BEAUTY HOLDINGS
SN,SANCHEZ ENERGY CORP
SAFM,SANDERSON FARMS INC
SNDK,SANDISK CORP
SD,SANDRIDGE ENERGY INC
SASR,SANDY SPRING BANCORP
JBSS,SANFILIPPO JOHN B & SON
SGMO,SANGAMO BIOSCIENCES INC
SANM,SANMINA CORPORATION
SC,SANTANDER CNSMR USA HLD
SPNS,SAPIENS INTL CORP NV
SRPT,SAREPTA THERAPEUTICS IN
BFS,SAUL CENTERS INC
SBAC,SBA COMMUNICATIONS CORP
SCG,SCANA CORP
SCSC,SCANSOURCE INC
HSIC,SCHEIN HENRY INC
SLB,SCHLUMBERGER LTD
SCHN,SCHNITZER STEEL INDS
SCHL,SCHOLASTIC CORP
SHLM,SCHULMAN A INC
SCHW,SCHWAB CHARLES CORP
SWM,SCHWEITZER-MAUDUIT INTL
SCLN,SCICLONE PHARMACEUTICAL
SAIC,SCIENCE APPLICATIONS IN
SGMS,SCIENTIFIC GAMES CORP
SQI,SCIQUEST INC
SALT,SCORPIO BULKERS INC
STNG,SCORPIO TANKERS INC
SMG,SCOTTS MIRACLE-GRO CO
SSP,SCRIPPS E W CO
SNI,SCRIPPS NTWK INTERACTIV
SEB,SEABOARD CORP
SEAC,SEACHANGE INTERNATIONAL
SBCF,SEACOAST BANKING CORP F
CKH,SEACOR HOLDINGS INC
SDRL,SEADRILL LIMITED
SEE,SEALED AIR CORP
SHLD,SEARS HOLDINGS CORP
SGEN,SEATTLE GENETICS INC
SEAS,SEAWORLD ENTMT INC
EYES,SECOND SIGHT MEDICAL
SEIC,SEI INVESTMENTS CO
SCSS,SELECT COMFORT CORP
SIR,SELECT INCOME REIT
SEM,SELECT MEDICAL HOLDINGS
SIGI,SELECTIVE INSURANCE GRP
SEMG,SEMGROUP CORP
SRE,SEMPRA ENERGY
SMTC,SEMTECH CORP
SENEA,SENECA FOODS CORP
SNH,SENIOR HOUSING PPTYS TR
SNMX,SENOMYX INC
SXT,SENSIENT TECHNOLOGIES
SQNM,SEQUENOM INC
SQBG,SEQUENTIAL BRANDS GROUP
SCI,SERVICE CORP INTL
SERV,SERVICEMASTER GLOBAL
NOW,SERVICENOW INC
SREV,SERVICESOURCE INTL
SFBS,SERVISFIRST BANCSHARES
SSE,SEVENTY SEVEN ENERGY
SFXE,SFX ENTERTAINMENT INC
SHAK,SHAKE SHACK INC
SHEN,SHENANDOAH TELECOMM CO
SHW,SHERWIN WILLIAMS CO
SFL,SHIP FINANCE INTL
SCVL,SHOE CARNIVAL INC
SHOR,SHORETEL INC
SFLY,SHUTTERFLY INC
SSTK,SHUTTERSTOCK INC
SIEN,SIENTRA INC
BSRR,SIERRA BANCORP
SIAL,SIGMA ALDRICH CORP
SIGM,SIGMA DESIGNS INC
SBNY,SIGNATURE BANK
SIG,SIGNET JEWELERS LTD
SLGN,SILGAN HOLDINGS INC
SGI,SILICON GRAPHICS INTL
SLAB,SILICON LABORATORIES IN
SBY,SILVER BAY RLTY TR CORP
SSNI,SILVER SPRING NETWORKS
SFNC,SIMMONS FIRST NATIONAL
SPG,SIMON PROPERTY GROUP IN
SSD,SIMPSON MANUFACTURING
SBGI,SINCLAIR BROADCAST GROU
SIRI,SIRIUS XM HOLDINGS INC
SIRO,SIRONA DENTAL SYS INC
SIX,SIX FLAGS ENTMT CORP
SZMK,SIZMEK INC
SJW,SJW CORP
SKX,SKECHERS USA INC
SKUL,SKULLCANDY INC
SKYW,SKYWEST INC
SWKS,SKYWORKS SOLUTIONS INC
SLG,SL GREEN REALTY CORP
SLM,SLM CORP
SM,SM ENERGY CO
SFS,SMART & FINAL STORES IN
SWHC,SMITH & WESSON HOLDING
AOS,SMITH A O CORP
SJM,SMUCKER J M CO
SNA,SNAP ON INC
LNCE,SNYDER'S-LANCE INC
SCTY,SOLARCITY CORP
SWI,SOLARWINDS INC
SZYM,SOLAZYME INC
SLH,SOLERA HOLDINGS INC
SAH,SONIC AUTOMOTIVE INC
SONC,SONIC CORP
SON,SONOCO PRODUCTS CO
SONS,SONUS NETWORKS INC
SRNE,SORRENTO THERAPEUTICS
BID,SOTHEBYS
SJI,SOUTH JERSEY INDUSTRIES
SSB,SOUTH STATE CORPORATION
SO,SOUTHERN CO
SCCO,SOUTHERN COPPER CORP
SBSI,SOUTHSIDE BANCSHARES IN
LUV,SOUTHWEST AIRLINES CO
OKSB,SOUTHWEST BANCORP INC O
SWX,SOUTHWEST GAS CORP
SWN,SOUTHWESTERN ENERGY CO
SSS,SOVRAN SELF STORAGE
SP,SP PLUS CORPORATION
SPKE,SPARK ENERGY INC
ONCE,SPARK THERAPEUTICS INC
SPTN,SPARTANNASH COMPANY
SPA,SPARTON CORP
SE,SPECTRA ENERGY CORP
SPNC,SPECTRANETICS CORP
SPB,SPECTRUM BRANDS HOLDING
SPPI,SPECTRUM PHARMACEUTICAL
TRK,SPEEDWAY MOTORSPORTS IN
SPR,SPIRIT AEROSYSTEMS
SAVE,SPIRIT AIRLS INC
SRC,SPIRIT RLTY CAP INC
SPLK,SPLUNK INC
SPOK,SPOK HOLDINGS INC
SPWH,SPORTSMANS WHSE HLDGS
LEAF,SPRINGLEAF HOLDINGS INC
S,SPRINT CORP
SFM,SPROUTS FRMRS MKT INC
SPSC,SPS COMM INC
SPW,SPX CORP
SQBK,SQUARE 1 FINL INC
SSNC,SS&C TECHNOLOGIES HLDGS
JOE,ST JOE CO
STJ,ST JUDE MEDICAL INC
STAA,STAAR SURGICAL CO
STAG,STAG INDL INC
SSI,STAGE STORES INC
STMP,STAMPS COM INC
SFG,STANCORP FINANCIAL GROU
SMP,STANDARD MOTOR PRODUCTS
SPF,STANDARD PACIFIC CORP
SXI,STANDEX INTERNATIONAL
SWK,STANLEY BLACK & DECKER
SPLS,STAPLES INC
SBUX,STARBUCKS CORP
HOT,STARWOOD HOTELS & RESRT
STWD,STARWOOD PPTY TRUST INC
SWAY,STARWOOD WAYPOINT TRUST
STRZA,STARZ
STFC,STATE AUTO FINANCIAL
STBZ,STATE BK FINL CORP
SNC,STATE NATIONAL COMPANIE
STT,STATE STREET CORP
STLD,STEEL DYNAMICS INC
SCS,STEELCASE INC
SMRT,STEIN MART INC
STNR,STEINER LEISURE LTD
STML,STEMLINE THERAPEUTICS
SCL,STEPAN CO
SRCL,STERICYCLE INC
STE,STERIS CORP
STL,STERLING BANCORP
STC,STEWART INFORMATION
SF,STIFEL FINANCIAL CORP
SWC,STILLWATER MINING CO
STCK,STOCK BUILDING SUP HLD
SYBT,STOCK YARDS BANCORP INC
SGY,STONE ENERGY CORP
SGBK,STONEGATE BANK
SGM,STONEGATE MORTGAGE CORP
SRI,STONERIDGE INC
STOR,STORE CAPITAL CORP
STRP,STRAIGHT PATH COMM INC
SSYS,STRATASYS LTD
BEE,STRATEGIC HOTEL & RESOR
STRT,STRATTEC SEC CORP
STRA,STRAYER EDUCATION INC
SYK,STRYKER CORP
RGR,STURM RUGER & CO INC
SCMP,SUCAMPO PHARMA
SUBK,SUFFOLK BANCORP
INN,SUMMIT HOTEL PPTYS
SUM,SUMMIT MATLS INC
SNBC,SUN BANCORP INC NJ
SUI,SUN COMMUNITIES INC
SNHY,SUN HYDRAULICS CORP
SXC,SUNCOKE ENERGY INC
SUNE,SUNEDISON INC
SPWR,SUNPOWER CORP
SHO,SUNSTONE HOTEL INVS INC
STI,SUNTRUST BANKS INC
SMCI,SUPER MICRO COMPUTER IN
SPN,SUPERIOR ENERGY SERVICE
SUP,SUPERIOR INDUSTRIES INT
SGC,SUPERIOR UNIFORM GROUP
SUPN,SUPERNUS PHARMACEUTICAL
SVU,SUPERVALU INC
SCAI,SURGICAL CARE AFFILIATE
SRDX,SURMODICS INC
SUSQ,SUSQUEHANNA BANCSHARES
SIVB,SVB FINANCIAL GROUP
SWFT,SWIFT TRANSN CO
SYKE,SYKES ENTERPRISES INC
SYMC,SYMANTEC CORP
SYA,SYMETRA FINANCIAL CORP
SYNA,SYNAPTICS INC
SNCR,SYNCHRONOSS TECHNOLOGY
SYF,SYNCHRONY FINANCIAL
SGYP,SYNERGY PHARMACEUTICALS
SYRG,SYNERGY RES CORP
SNX,SYNNEX CORP
SNPS,SYNOPSYS INC
SNV,SYNOVUS FINANCIAL CORP
SNTA,SYNTA PHARMA CORP
SYNT,SYNTEL INC
SYUT,SYNUTRA INTL INC
SYY,SYSCO CORP
SYX,SYSTEMAX INC
TTOO,T2 BIOSYSTEMS INC
DATA,TABLEAU SOFTWARE INC
TAHO,TAHOE RES INC
TTWO,TAKE-TWO INTERACTIVE
TAL,TAL INTERNATIONAL GROUP
TLN,TALEN ENERGY CORP
TLMR,TALMER BANCORP INC
TNDM,TANDEM DIABETES CARE IN
SKT,TANGER FACTORY OUTLET
TNGO,TANGOE INC
TRGP,TARGA RESOURCES INC
TGT,TARGET CORP
TASR,TASER INTL INC
TCO,TAUBMAN CENTERS INC
TMHC,TAYLOR MORRISON HOME
TCB,TCF FINANCIAL CORP
AMTD,TD AMERITRADE HOLDING
TMH,TEAM HEALTH HOLDINGS IN
TISI,TEAM INC
TECD,TECH DATA CORP
TTGT,TECHTARGET INC
TE,TECO ENERGY INC
TK,TEEKAY CORP
TNK,TEEKAY TANKERS LTD
TRC,TEJON RANCH CO
TSYS,TELECOMMUNICATION SYSTE
TDY,TELEDYNE TECHNOLOGIES
TFX,TELEFLEX INC
TNAV,TELENAV INC
TDS,TELEPHONE & DATA SYSTEM
TTEC,TELETECH HOLDINGS INC
TPX,TEMPUR SEALY INTL INC
THC,TENET HEALTHCARE CORP
TNC,TENNANT CO
TEN,TENNECO INC
TDC,TERADATA CORP
TER,TERADYNE INC
TEX,TEREX CORP
TERP,TERRAFORM POWER INC
TRNO,TERRENO REALTY CORP
TBNK,TERRITORIAL BANCORP INC
TSRO,TESARO INC
TESO,TESCO CORP
TSLA,TESLA MTRS INC
TSO,TESORO CORP
TSRA,TESSERA TECHNOLOGIES IN
TTEK,TETRA TECH INC
TTI,TETRA TECHNOLOGIES INC
TTPH,TETRAPHASE PHARMA INC
TCBI,TEXAS CAPITAL BANCSHARE
TXN,TEXAS INSTRUMENTS INC
TXRH,TEXAS ROADHOUSE INC
TGH,TEXTAINER GROUP HLDGS
TXT,TEXTRON INC
TXTR,TEXTURA CORPORATION
TFSL,TFS FINL CORP
TGTX,TG THERAPEUTICS INC
TCS,THE CONTAINER STORE GRP
PCLN,THE PRICELINE GROUP INC
WEN,THE WENDY'S COMPANY
TXMD,THERAPEUTICSMD INC
TBPH,THERAVANCE BIOPHARMA IN
THRX,THERAVANCE INC
TMO,THERMO FISHER SCIENTIFI
THR,THERMON GROUP HLDGS INC
TPRE,THIRD POINT REINSURANCE
TRI,THOMSON REUTERS CORP
THO,THOR INDUSTRIES INC
THOR,THORATEC CORP
THLD,THRESHOLD PHARMACEUTICA
TDW,TIDEWATER INC
TIF,TIFFANY & CO
TTS,TILE SHOP HLDGS INC
TLYS,TILLYS INC
TIME,TIME INC
TWC,TIME WARNER CABLE INC
TWX,TIME WARNER INC
TKR,TIMKEN CO
TMST,TIMKENSTEEL CORPORATION
TIPT,TIPTREE FINANCIAL INC
TWI,TITAN INTERNATIONAL INC
TITN,TITAN MACHINERY INC
TIVO,TIVO INC
TJX,TJX COMPANIES INC
TMUS,T-MOBILE US INC
TBRA,TOBIRA THERAPEUTICS INC
TKAI,TOKAI PHARMACEUTICALS
TOL,TOLL BROTHERS INC
TMP,TOMPKINS FINANCIAL CORP
TR,TOOTSIE ROLL INDUSTRIES
TMK,TORCHMARK CORP
TRNX,TORNIER NV
TTC,TORO CO
TSS,TOTAL SYSTEM SERVICES
TOWR,TOWER INTERNATIONAL INC
TW,TOWERS WATSON & COMPANY
TOWN,TOWNEBANK PORTSMOUTH VA
TSQ,TOWNSQUARE MEDIA INC
TSCO,TRACTOR SUPPLY CO
TSRE,TRADE STREET RESIDENTIA
TAT,TRANSATLANTIC PETROLEUM
TDG,TRANSDIGM GROUP INC
TRXC,TRANSENTERIX INC
TRV,TRAVELERS COS INC
TVPT,TRAVELPORT WORLDWIDE LT
TZOO,TRAVELZOO INC
TRR,TRC COS INC
TREC,TRECORA RESOURCES
TG,TREDEGAR CORP
THS,TREEHOUSE FOODS INC
TRVN,TREVENA INC
TREX,TREX INC
TPH,TRI POINTE HOMES INC
TPLM,TRIANGLE PETE CORP
TRCO,TRIBUNE MEDIA CO
TPUB,TRIBUNE PUBG CO
TCBK,TRICO BANCSHARES
TRS,TRIMAS CORP
TRMB,TRIMBLE NAVIGATION LTD
TNET,TRINET GROUP INC
TRN,TRINITY INDUSTRIES INC
TSE,TRINSEO SA
TRIP,TRIPADVISOR INC
GTS,TRIPLE-S MANAGEMENT COR
TSC,TRISTATE CAP HLDGS INC
TBK,TRIUMPH BANCORP INC
TGI,TRIUMPH GROUP INC
TROX,TRONOX LTD
TROV,TROVAGENE INC
TBI,TRUEBLUE INC
TRUE,TRUECAR INC
TRUP,TRUPANION INC
TRST,TRUSTCO BANK CORP NY
TRMK,TRUSTMARK CORP
TTMI,TTM TECHNOLOGIES INC
TUBE,TUBEMOGUL INC
TUES,TUESDAY MORNING CORP
TUMI,TUMI HLDGS INC
TUP,TUPPERWARE BRANDS CORP
TPC,TUTOR PERINI CORP
TWIN,TWIN DISC INC
TWTR,TWITTER INC
TWO,TWO HBRS INVT CORP
TYC,TYCO INTERNATIONAL PLC
TYL,TYLER TECHNOLOGIES INC
TSN,TYSON FOODS INC
USCR,U S CONCRETE INC
USG,U S G CORP
USPH,U S PHYSICAL THERAPY IN
SLCA,U S SILICA HLDGS INC
UBNT,UBIQUITI NETWORKS INC
UDR,UDR INC
UGI,UGI CORP
UIL,UIL HOLDINGS CORP
ULTA,ULTA SALON COSMETICS
ULTI,ULTIMATE SOFTWARE GROUP
UCTT,ULTRA CLEAN HOLDINGS IN
UPL,ULTRA PETROLEUM CORP
RARE,ULTRAGENYX PHARMA
ULTR,ULTRAPETROL BAHAMAS LTD
UTEK,ULTRATECH INC
UMBF,UMB FINANCIAL CORP
UMH,UMH PROPERTIES INC
UMPQ,UMPQUA HOLDINGS CORP
UA,UNDER ARMOUR INC
UFI,UNIFI INC
UNF,UNIFIRST CORP MASS
UNIS,UNILIFE CORP
UBSH,UNION BANKSHARES CORP
UNP,UNION PACIFIC CORP
UIS,UNISYS CORP
UNT,UNIT CORP
UBSI,UNITED BANKSHARES INC
UCFC,UNITED CMNTY FINL CO
UCBI,UNITED COMMUNITY BANKS
UAL,UNITED CONTINENTAL HLDG
UDF,UNITED DEV FDG IV
UBNK,UNITED FINANCIAL BANCOR
UFCS,UNITED FIRE GROUP INC
UIHC,UNITED INS HLDGS CORP
UNFI,UNITED NATURAL FOODS IN
UNTD,UNITED ONLINE INC
UPS,UNITED PARCEL SERVICE
URI,UNITED RENTALS INC
USM,UNITED STATES CELLULAR
USLM,UNITED STATES LIME & MI
X,UNITED STATES STEEL COR
UTX,UNITED TECHNOLOGIES
UTHR,UNITED THERAPEUTICS
UNH,UNITEDHEALTH GROUP INC
UTL,UNITIL CORP
UAM,UNIVERSAL AMERICAN CORP
UVV,UNIVERSAL CORP
OLED,UNIVERSAL DISPLAY CORP
UEIC,UNIVERSAL ELECTRONICS
UFPI,UNIVERSAL FOREST PRODS
UHT,UNIVERSAL HEALTH REALTY
UHS,UNIVERSAL HEALTH SVCS
UVE,UNIVERSAL INSURANCE
UTI,UNIVERSAL TECHNICAL INS
UACL,UNIVERSAL TRUCKLOAD SVC
UVSP,UNIVEST CORP OF PENN
UNM,UNUM GROUP
UEC,URANIUM ENERGY CORP
UE,URBAN EDGE PROPERTIES
URBN,URBAN OUTFITTERS INC
UBA,URSTADT BIDDLE PPTYS IN
USB,US BANCORP
ECOL,US ECOLOGY INC
USAK,USA TRUCK INC
USNA,USANA HEALTH SCIENCES
UTMD,UTAH MED PRODS INC
UTIW,UTI WORLDWIDE INC
VFC,V F CORP
MTN,VAIL RESORTS INC
VLO,VALERO ENERGY CORP
VHI,VALHI INC
VR,VALIDUS HOLDINGS LTD
VLY,VALLEY NATIONAL BANCORP
VMI,VALMONT INDUSTRIES INC
VAL,VALSPAR CORP
VNDA,VANDA PHARMACEUTICALS
VNTV,VANTIV INC
VAR,VARIAN MEDICAL SYSTEMS
VRNS,VARONIS SYSTEMS INC
VDSI,VASCO DATA SECURITY INT
VASC,VASCULAR SOLUTIONS INC
WOOF,VCA INC
VGR,VECTOR GROUP LTD
VVC,VECTREN CORP
VEC,VECTRUS INC
VECO,VEECO INSTRUMENTS INC
VEEV,VEEVA SYSTEMS INC
VTR,VENTAS INC
VRA,VERA BRADLEY INC
VCYT,VERACYTE INC
VSTM,VERASTEM INC
PAY,VERIFONE SYSTEMS INC
VRNT,VERINT SYS INC
VRSN,VERISIGN INC
VRSK,VERISK ANALYTICS INC
VRTV,VERITIV CORPORATION
VZ,VERIZON COMMUNICATIONS
VSAR,VERSARTIS INC
VRTX,VERTEX PHARMACEUTICALS
VIA,VIACOM INC CL A
VIAB,VIACOM INC CL B
VVI,VIAD CORP
VSAT,VIASAT INC
VICR,VICOR CORP
VLGEA,VILLAGE SUPER MARKET IN
VNCE,VINCE HOLDING CORP
VMEM,VIOLIN MEMORY INC
VA,VIRGIN AMERICA INC
VHC,VIRNETX HOLDING CORP
VIRT,VIRTU FINL INC
VRTS,VIRTUS INVESTMENT PTNRS
VRTU,VIRTUSA CORP
V,VISA INC
VSH,VISHAY INTERTECHNOLOGY
VPG,VISHAY PRECISION GROUP
VSTO,VISTA OUTDOOR INC
VC,VISTEON CORP
VTAE,VITAE PHARMACEUTICALS
VTL,VITAL THERAPIES INC
VSI,VITAMIN SHOPPE INC
VSLR,VIVINT SOLAR INC
VVUS,VIVUS INC
VMW,VMWARE INC
VCRA,VOCERA COMMUNICATIONS
VISI,VOLT INFORMATION SCIENC
VG,VONAGE HLDGS CORP
VNO,VORNADO REALTY TRUST
VOXX,VOXX INTERNATIONAL CORP
VOYA,VOYA FINANCIAL INC
VSEC,VSE CORP
VMC,VULCAN MATERIALS CO
VWR,VWR CORPORATION
WPC,W P CAREY INC
WTI,W&T OFFSHORE INC
WNC,WABASH NATIONAL CORP
WBC,WABCO HOLDINGS INC
WAB,WABTEC CORP
WDR,WADDELL & REED FINANCIA
WAGE,WAGEWORKS INC
WMT,WAL MART STORES INC
WBA,WALGREENS BOOTS ALLIANC
WD,WALKER & DUNLOP INC
WAC,WALTER INV MGMT CORP
WAFD,WASHINGTON FED INC
WRE,WASHINGTON REAL ESTATE
WASH,WASHINGTON TRUST BANCOR
WCN,WASTE CONNECTIONS INC
WM,WASTE MGMT INC
WAT,WATERS CORP
WSBF,WATERSTONE FINANCIAL IN
WSO,WATSCO INC
WTS,WATTS WATER TECH INC
WPP,WAUSAU PAPER CORP
W,WAYFAIR INC
WCIC,WCI COMMUNITIES INC
WDFC,WD-40 CO
WFT,WEATHERFORD INTL PLC
WWWW,WEB.COM GROUP INC
WBMD,WEBMD HEALTH CORP
WBS,WEBSTER FINANCIAL CORP
WTW,WEIGHT WATCHERS INTL IN
WRI,WEINGARTEN RLTY INVS
WMK,WEIS MARKETS INC
WCG,WELLCARE GROUP INC
WFC,WELLS FARGO & CO
WERN,WERNER ENTERPRISES INC
WSBC,WESBANCO INC
WAIR,WESCO AIRCRAFT HLDGS IN
WCC,WESCO INTERNATIONAL INC
WTBA,WEST BANCORPORATION INC
WSTC,WEST CORP
WMAR,WEST MARINE INC
WST,WEST PHARMACEUTICAL SVC
WABC,WESTAMERICA BANCORP
WR,WESTAR ENERGY INC
WAL,WESTERN ALLIANCE BANCOR
WMC,WESTERN ASSET MTG CAP
WDC,WESTERN DIGITAL CORP
WNR,WESTERN REFINING INC
WU,WESTERN UNION CO
WLK,WESTLAKE CHEMICAL CORP
WLB,WESTMORELAND COAL CO
WHG,WESTWOOD HOLDINGS GROUP
WEX,WEX INC
WEYS,WEYCO GROUP INC
WY,WEYERHAEUSER CO
WGL,WGL HOLDINGS INC
WHR,WHIRLPOOL CORP
WTM,WHITE MTNS INS GROUP LT
WSR,WHITESTONE REIT
WWAV,WHITEWAVE FOODS COMPANY
WLL,WHITING PETROLEUM CORP
WFM,WHOLE FOODS MARKET INC
JW.A,WILEY JOHN & SONS INC
WLH,WILLIAM LYON HOMES
CWEI,WILLIAMS CLAYTON ENERGY
WMB,WILLIAMS COMPANIES INC
WSM,WILLIAMS SONOMA INC
WIBC,WILSHIRE BANCORP INC
WIN,WINDSTREAM HOLDINGS INC
WINA,WINMARK CORP
WGO,WINNEBAGO INDUSTRIES IN
WTFC,WINTRUST FINANCIAL CORP
WEC,WISCONSIN ENERGY CORP
WETF,WISDOMTREE INVTS INC
WIX,WIX LTD
WWW,WOLVERINE WORLD WIDE
WWD,WOODWARD INC
WDAY,WORKDAY INC
WK,WORKIVA INC
WRLD,WORLD ACCEPTANCE CORP
INT,WORLD FUEL SVCS CORP
WWE,WORLD WRESTLING ENTMNT
WOR,WORTHINGTON INDUSTRIES
WPG,WP GLIMCHER INC
WPX,WPX ENERGY INC
WMGI,WRIGHT MEDICAL GROUP IN
WSFS,WSFS FINANCIAL CORP
WYN,WYNDHAM WORLDWIDE CORP
WYNN,WYNN RESORTS LTD
XBIT,XBIOTECH INC
XEL,XCEL ENERGY INC
XCRA,XCERRA CORPORATION
XNCR,XENCOR INC
XHR,XENIA HOTELS & RESORTS
XNPT,XENOPORT INC
XRM,XERIUM TECHNOLOGIES INC
XRX,XEROX CORP
XLNX,XILINX INC
XL,XL GROUP PLC
XOXO,XO GROUP INC
XOMA,XOMA CORPORATION
XOOM,XOOM CORPORATION
XPO,XPO LOGISTICS INC
XYL,XYLEM INC
YDKN,YADKIN FINANCIAL CORP
YHOO,YAHOO INC
YELP,YELP INC
YDLE,YODLEE INC
YORW,YORK WATER COMPANY
YRCW,YRC WORLDWIDE INC
YUM,YUM! BRANDS INC
ZFGN,ZAFGEN INC
ZAGG,ZAGG INC
ZAIS,ZAIS GROUP HLDGS INC
ZAYO,ZAYO GROUP HOLDINGS INC
ZBRA,ZEBRA TECHNOLOGIES CORP
ZLTQ,ZELTIQ AESTHETICS INC
ZEN,ZENDESK INC
Z,ZILLOW GROUP INC
ZMH,ZIMMER HOLDINGS INC
ZION,ZIONS BANCORPORATION
ZIOP,ZIOPHARM ONCOLOGY INC
ZIXI,ZIX CORP
ZOES,ZOES KITCHEN INC
ZTS,ZOETIS INC
ZGNX,ZOGENIX INC
ZSPH,ZS PHARMA INC
ZU,ZULILY INC
ZUMZ,ZUMIEZ INC
ZNGA,ZYNGA INC
