SHW,Sherwin-Williams,reports,Materials,Specialty Chemicals,"Cleveland, Ohio",1964-06-30,89800
CMI,Cummins Inc.,reports,Industrials,Industrial Machinery,"Columbus, Indiana",1965-03-31,26172
EMR,Emerson Electric Company,reports,Industrials,Industrial Conglomerates,"Ferguson, Missouri",1965-03-31,32604
SLB,Schlumberger Ltd.,reports,Energy,Oil & Gas Equipment & Services,"Cura√ßao, Kingdom of the Netherlands",1965-03-31,87347
CSX,CSX Corp.,reports,Industrials,Railroads,"Jacksonville, Florida",1967-09-30,277948
CLX,The Clorox Company,reports,Consumer Staples,Household Products,"Oakland, California",1969-03-31,21076
GIS,General Mills,reports,Consumer Staples,Packaged Foods & Meats,"Golden Valley, Minnesota",1969-03-31,40704
NEM,Newmont Mining Corp. (Hldg. Co.),reports,Materials,Gold,"Denver, Colorado",1969-06-30,1164727
MMM,3M Company,reports,Industrials,Industrial Conglomerates,"St. Paul, Minnesota",,66740
ALLE,Allegion,reports,Industrials,Building Products,"Dublin, Ireland",2013-12-02,1579241
AAPL,Consumer Goods,Electronic Equipment,41.15,51.86B,22.62,30.21,43.30,13.12,11.61,1.09,0.86,22.53,14.71
